:0200000480007A
:20000000911000F8D9FFB8ECDC0F0090000000000000000000000000000000000000000050
:200020004E414E006E616E00494E4600696E6600FFFFFFFFFFFFFF7F417373657274696FCA
:200040006E2022257322206661696C6564206174206C696E6520256420696E2025730A0092
:1F00600061726720213D204E554C4C002E2E2F6578616D706C65732F446F49502E630078
:1100800003FC0006000000090000020110000000004E
:1100940003FC80010000000902010E806200000000DF
:0C00A800B08503F0F08503F000000000BC
:20010000911000F8D9FF50580D00000202F4DC0F00000000000000000000000000000000D6
:20012000911000F8D9FF4C480D00000202F4DC0F00000000000000000000000000000000CA
:20014000911000F8D9FF48380D00000202F4DC0F00000000000000000000000000000000BE
:20016000911000F8D9FF442802F4DC0F0000000000000000000000000000000000000000C1
:20018000911000F8D9FF40180D00000202F4DC0F00000000000000000000000000000000A6
:2001A000911000F8D9FF3CF80D00000202F4DC0F00000000000000000000000000000000AA
:2001C000911000F8D9FF56780D00000202F4DC0F00000000000000000000000000000000F0
:2001E000911000F8D9FF54680D00000202F4DC0F0090000000000000000000000000000052
:20020000000000000003000020A10700401F03000000030A40420F00401F03000100030AA3
:200220000000000002020000000000000002000000000000000000000000000000000000B8
:200240000000000000008000000100020003000440040000000000000000000000000000D0
:2002600000000000000000000000000000000000000000000000000000000000000000007E
:2002800000000000000000000000000000000000000000000000000000000000000000005E
:2002A00000000000000000000000000000000000000000000000000000000000000000003E
:2002C000000000000000000000000000000000000000000000010000000020F0000000000D
:2002E00000B403F00700000001000000000020F00200000000AF03F001000000000000009A
:20030000000020F00000000000B403F008000000A8000000000020F00200000000AF03F0C2
:2003200000000000A8000000000020F000000000000021F0010000000001020300000000ED
:2003400000000000010002030000000000000000010200030000000000000000010203008B
:20036000000000000000000000000000000102030000000000000000010002030000000071
:20038000000000000102000300000000000000000102030000000000000000000000000051
:2003A00000010203000000000000000001000203000000000000000001020003000000002B
:2003C000000000000102030000000000000000000000000000000000000000000000000017
:2003E000000000000000000000000000BD37863500000000BD37863500000000BD378635F0
:2004000000000000BD37863500000000010000000000010001000000000001000100000028
:2004200000000100000000008096984B0000000000000000000000000000000000000000C2
:200440000400000000000000000000000000000001010000000000000000EE0501000000A2
:2004600000000100000000000000000000000000000000000000000000000000000000007B
:20048000000000000001000000000000000200000000000000030000010000000000000055
:2004A000010000000100000000000000000000000000000000000000000100000100000038
:2004C000000000000000000000010000020000000000000000000000000100000300000015
:2004E0000000000000000000000100000000000000000000000000000001000001000000F9
:200500000000000000000000000100000200000000000000000000000001000003000000D4
:200520000000000000000000000100000000000000000100000000000200000000000300B4
:20054000000000000000000000000100000000000200000000000300000000000000000095
:2005600000D001F000AB03F00B0000000000000000D001F000B503F002000000A8000000FE
:2005800000D001F000B503F0030000000380000000D001F000AB03F00C0000000000000001
:2005A00000D001F000AB03F00A0000000000000000D001F000AB03F009000000000000006A
:2005C00000D001F000AB03F003000000B000000000D001F000AB03F002000000B0000000F8
:2005E00000D001F000AB03F006000000B000000000D001F000000000000102000100000021
:2006000000A203F00100000088000000010302006900000000AA03F0030000008800000025
:20062000608124F002388700FFFFFFFF648124F066D00000FFFFFFFF688124F0023807009F
:20064000FFFFFFFF6C8124F026980000FFFFFFFF248124F0C9000000FFFFFFFF088124F0C8
:2006600001003630FFFFFFFF0C8124F00807690BFFFFFFFF288124F08E042101FFFFFFFF8A
:20068000488124F0B6730835FFFFFFFF4C8124F0466C9402FFFFFFFF088124F002003630F1
:2006A000FFFFFFFF108124F03B033600FFFFFFFF148124F01008690BFFFFFFFF508124F013
:2006C0000E710834FFFFFFFF548124F0446C9402FFFFFFFF188124F009003600FFFFFFFF50
:2006E0001C8124F00808690BFFFFFFFF208124F0941C2300FFFFFFFF588124F0B622081B5D
:20070000FFFFFFFF5C8124F0466C9402FFFFFFFF2C8124F034040000FFFFFFFF308124F0EE
:20072000825A0000FFFFFFFF348124F009090712FFFFFFFF0800000020060080ACC5A737F4
:200740000200000080060080ACC5A7370D00000098060080ACC5A73703000000340700800A
:200760001600000068070080608124F002388700FFFFFFFF648124F066D00000FFFFFFFF97
:20078000688124F002380700FFFFFFFF6C8124F026980000FFFFFFFF248124F0C9000000E2
:2007A000FFFFFFFF0C8124F00807690BFFFFFFFF288124F08E042101FFFFFFFF488124F0D3
:2007C000B6730835FFFFFFFF4C8124F0466C9402FFFFFFFF088124F002003630FFFFFFFF91
:2007E000108124F03B033600FFFFFFFF148124F01008690BFFFFFFFF508124F00E71083413
:20080000FFFFFFFF548124F0446C9402FFFFFFFF188124F009003600FFFFFFFF1C8124F018
:200820000808690BFFFFFFFF208124F0941C2300FFFFFFFF588124F0B622081BFFFFFFFFD0
:200840005C8124F0466C9402FFFFFFFF2C8124F034040000FFFFFFFF308124F0825A0000CD
:20086000FFFFFFFF348124F009090712FFFFFFFF0000003F0000803F0000A03F0000C03FB0
:200880000000004000002040002D31010100001D0500001F0101000017B7513903000000BA
:2008A000F008008013012307FF0FFF0F12021121BF0F3F3F011200000F3F00003200000041
:2008C000FF000000000000003F000000000000003F000000000000003F000000E4080080F0
:0E08E000EC080080050100003F07000000004A
:1208F000030017B7D138020017B7D138010017B7D1386B
:20090400001000F000000000001100F001000000001200F0020000006E657469663A206EEF
:20092400657720697020616464726573732061737369676E65643A2025752E25752E2575E6
:050944002E25750A00DC
:16094C004966785F4C7769705F696E6974207374617274210A00E7
:200964004966785F4C7769705F696E697420656E64210A0025730A0000020202020202020C
:200984000202030101010102020202020202020202020202020202020204404040404040A0
:2009A4004040404040404040402020202020202020202040404040404040888888888888C3
:2009C400080808080808080808080808080808080808080840404040404090909090909093
:2009E4001010101010101010101010101010101010101010404040400200000000000000B1
:200A04000000000000000000000000000000000000000000000000000000000000000000D2
:200A24000000000000000000000000000000000000000000000000000000000000000000B2
:200A4400000000000000000000000000000000000000000000000000000000000000000092
:190A64000000000000000000000000000000000000000000000000000079
:110A8000000000000000000043414E2052783A20004F
:030A9400256300D7
:200A98000003008080000000D8020080100000001403008080000000EC020080100000003C
:200AB80000000000000000000000000000000000000000000000000000000000000000001E
:200AD8000000000000000000000000000000000000000000000000000000000000000000FE
:200AF8004F6B2E00416C726561647920636F6E6E656374696E672E00416C726561647920DC
:0B0B1800636F6E6E65637465642E00F1
:0F0B24004E6F7420636F6E6E65637465642E0090
:170B34004C6F772D6C6576656C206E65746966206572726F722E0085
:200B4C00436F6E6E656374696F6E2061626F727465642E00436F6E6E656374696F6E2072A8
:060B6C00657365742E00A4
:130B7400436F6E6E656374696F6E20636C6F7365642E0096
:120B8800496C6C6567616C20617267756D656E742E00F0
:0F0B9C00556E6B6E6F776E206572726F722E00E2
:150BAC004F7574206F66206D656D6F7279206572726F722E00D6
:0E0BC400427566666572206572726F722E0051
:090BD40054696D656F75742E0003
:110BE000526F7574696E672070726F626C656D2E00DD
:170BF4004F7065726174696F6E20696E2070726F67726573732E007F
:0F0C0C00496C6C6567616C2076616C75652E00B4
:170C1C004F7065726174696F6E20776F756C6420626C6F636B2E006C
:1F0C34004164647265737320696E207573652E005343555F4552555F494E5430210A006E
:200C54006574686172705F667265655F656E7472793A2066726565696E6720656E747279DE
:170C74002025752C207061636B65742071756575652025702E0A00B9
:200C8C006574686172705F66696E645F656E7472793A20666F756E64206D61746368696EB9
:200CAC006720656E7472792025640A006574686172705F66696E645F656E7472793A206EDF
:200CCC006F20656D70747920656E74727920666F756E6420616E64206E6F7420616C6C6F30
:200CEC0077656420746F2072656379636C650A006574686172705F66696E645F656E7472F8
:1D0D0C00793A2073656C656374696E6720656D70747920656E7472792025640A00E5
:200D2C006574686172705F66696E645F656E7472793A2073656C656374696E67206F6C641B
:150D4C0065737420737461626C6520656E7472792025640A00A6
:170D64006172705F7461626C655B695D2E71203D3D204E554C4C0019
:200D7C006574686172705F66696E645F656E7472793A2073656C656374696E67206F6C64CB
:200D9C006573742070656E64696E6720656E7472792025642028776974686F757420717589
:060DBC00657565290A00BF
:200DC4006574686172705F66696E645F656E7472793A2073656C656374696E67206F6C6483
:200DE4006573742070656E64696E6720656E7472792025642C2066726565696E6720706186
:0F0E0400636B65742071756575652025700A0034
:200E14006574686172705F66696E645F656E7472793A206E6F20656D707479206F72207290
:190E3400656379636C61626C6520656E747269657320666F756E640A00A1
:130E500069203C204152505F5441424C455F53495A450066
:200E64006172705F7461626C655B695D2E7374617465203D3D204554484152505F5354418F
:090E840054455F454D50545900DE
:0E0E90006574686172705F74696D65720A0046
:200EA0006E657469662D3E6877616464725F6C656E203D3D204554485F4857414444525F86
:200EC0004C454E006574686172705F7570646174655F6172705F656E7472793A2025752E78
:200EE00025752E25752E2575202D20253032783A253032783A253032783A253032783A2552
:0A0F00003032783A253032780A00CA
:200F0C006574686172705F7570646174655F6172705F656E7472793A2077696C6C206E6F1D
:200F2C007420616464206E6F6E2D756E6963617374204950206164647265737320746F2077
:0B0F4C004152502063616368650A0099
:200F58006574686172705F7570646174655F6172705F656E7472793A207570646174696E91
:130F78006720737461626C6520656E7472792025640A005F
:0F0F8C0069706164647220213D204E554C4C0009
:0E0F9C006E6574696620213D204E554C4C0058
:200FAC006574686172705F696E7075743A207061636B65742064726F707065642C207772FD
:200FCC006F6E6720687720747970652C2068776C656E2C2070726F746F2C2070726F746F76
:200FEC006C656E206F722065746865726E65742074797065202825752F25752F25752F257C
:20100C0075290A006574686172705F696E7075743A20696E636F6D696E67204152502072C6
:20102C006571756573740A006574686172705F74696D65723A2065787069726564202573FC
:20104C0020656E7472792025642E0A006574686172705F696E7075743A20776520617265B0
:20106C0020756E636F6E666967757265642C2041525020726571756573742069676E6F72A4
:05108C0065642E0A005E
:201094006574686172705F696E7075743A20415250207265717565737420776173206E6F5B
:0B10B4007420666F722075732E0A0016
:2010C0006574686172705F696E7075743A20696E636F6D696E6720415250207265706C7900
:0210E0000A0004
:2010E4006574686172705F696E7075743A2041525020756E6B6E6F776E206F70636F6465D2
:0A11040020747970652025640A004C
:201110006172705F7461626C655B6172705F6964785D2E7374617465203E3D20455448414A
:1A11300052505F53544154455F535441424C45007120213D204E554C4C00BF
:20114C006574686172705F71756572793A2077696C6C206E6F7420616464206E6F6E2D7591
:20116C006E6963617374204950206164647265737320746F204152502063616368650A00FE
:20118C006574686172705F71756572793A20636F756C64206E6F7420637265617465204153
:0A11AC00525020656E7472790A003B
:1E11B8006574686172705F71756572793A207061636B65742064726F707065640A0016
:0E11D80074797065206F766572666C6F7700B3
:0711E800737461626C650085
:2011F0006172705F7461626C655B695D2E7374617465203D3D2050454E44494E47206F7205
:2012100020535441424C45006E6F207061636B65742071756575657320616C6C6F776564AE
:0212300021009B
:201234006574686172705F71756572793A2064726F707065642070726576696F75736C79B7
:2012540020717565756564207061636B657420257020666F722041525020656E74727920A8
:2012740025750A006574686172705F71756572793A20717565756564207061636B65742002
:201294002570206F6E2041525020656E7472792025750A006574686172705F717565727976
:2012B4003A20636F756C64206E6F74207175657565206120636F7079206F66205042554655
:2012D4005F524546207061636B657420257020286F7574206F66206D656D6F7279290A00F0
:2012F4006574686172705F7261773A20636F756C64206E6F7420616C6C6F636174652070D6
:1613140062756620666F722041525020726571756573742E0A00BB
:20132C00636865636B207468617420666972737420706275662063616E20686F6C64207311
:11134C007472756374206574686172705F686472001D
:201360006574686172705F7261773A2073656E64696E672072617720415250207061636BD2
:0513800065742E0A0057
:201388006E657469662D3E6877616464725F6C656E206D7573742062652074686520736187
:2013A8006D65206173204554485F4857414444525F4C454E20666F722065746861727021DB
:0113C8000024
:2013CC006574686172705F726571756573743A2073656E64696E67204152502072657175F3
:0613EC006573742E0A0077
:2013F40070656E64696E67006574686172705F66696E645F656E7472793A20666F756E6469
:1114140020656D70747920656E7472792025640A0073
:201428007374617465203D3D204554484152505F53544154455F50454E44494E47207C7CA9
:1E144800207374617465203E3D204554484152505F53544154455F535441424C4500CC
:201468002E2E2F4C69627261726965732F45746865726E65742F6C7769702F7372632F63DA
:121488006F72652F697076342F6574686172702E630016
:20149C0065746865726E65745F696E7075743A20646573743A2530326868783A2530326806
:2014BC0068783A2530326868783A2530326868783A2530326868783A2530326868782C20C0
:2014DC007372633A2530326868783A2530326868783A2530326868783A2530326868783A4A
:2014FC002530326868783A2530326868782C20747970653A25780A0065746865726E6574AA
:20151C005F696E7075743A2049507634207061636B65742064726F707065642C20746F6F3F
:20153C002073686F7274202825752F2575290A0043616E2774206D6F7665206F76657220E1
:11155C0068656164657220696E207061636B65740086
:2015700065746865726E65745F696E7075743A2041525020726573706F6E7365207061634D
:201590006B65742064726F707065642C20746F6F2073686F7274202825752F2575290A001D
:2015B0006E657469662D3E6877616464725F6C656E206D757374206265203620666F7220D5
:1115D00065746865726E65745F6F757470757421007A
:2015E4002E2E2F4C69627261726965732F45746865726E65742F6C7769702F7372632F6E52
:20160400657469662F65746865726E65742E630065746865726E65745F6F75747075743A56
:201624002073656E64696E67207061636B65742025700A0065746865726E65745F6F757431
:201644007075743A20636F756C64206E6F7420616C6C6F6361746520726F6F6D20666F72A2
:0A166400206865616465722E0A00BB
:06167000FFFFFFFFFFFF7A
:061678000000000000006C
:2016800069636D705F696E7075743A2073686F727420495020686561646572202825642055
:1116A0006279746573292072656365697665640A0078
:2016B400666972737420706275662063616E6E6F7420686F6C64207468652049434D5020ED
:0716D40068656164657200A6
:2016DC0069636D705F696E7075743A206D6F76696E6720722D3E7061796C6F616420746FE2
:1516FC002069636D7020686561646572206661696C65640A00F8
:201714002E2E2F4C69627261726965732F45746865726E65742F6C7769702F7372632F632B
:201734006F72652F697076342F69636D702E630069636D705F696E7075743A20636F7079E7
:17175400696E6720746F206E65772070627566206661696C65640081
:20176C0069636D705F696E7075743A20726573746F72696E67206F726967696E616C2070E9
:12178C002D3E7061796C6F6164206661696C65640A0067
:2017A00069636D705F696E7075743A2069705F6F75747075745F69662072657475726E655B
:2017C0006420616E206572726F723A2025730A0069636D705F696E7075743A2049434D50B5
:2017E000207479706520256420636F6465202564206E6F7420737570706F727465642E0A4B
:0118000000E7
:2018040069636D705F74696D655F65786365656465643A206661696C656420746F20616CC8
:1E1824006C6F63617465207062756620666F722049434D50207061636B65742E0A00E1
:2018440069636D705F696E7075743A2073686F72742049434D502028257520627974657350
:20186400292072656365697665640A00636865636B2074686174206669727374207062754C
:20188400662063616E20686F6C642069636D70206D6573736167650069636D705F74696DA5
:1118A400655F65786365656465642066726F6D200044
:1118B80025752E25752E25752E25750020746F20000A
:0218CC000A0010
:2018D00069636D705F696E7075743A204E6F74206563686F696E6720746F206D756C7469EA
:2018F000636173742070696E67730A0069636D705F696E7075743A204E6F74206563686F60
:20191000696E6720746F2062726F6164636173742070696E67730A0069636D705F696E7009
:0A19300075743A2070696E670A00B2
:20193C0069636D705F696E7075743A206261642049434D50206563686F207265636569762C
:20195C0065640A0069636D705F696E7075743A20636865636B73756D206661696C6564200E
:20197C00666F722072656365697665642049434D50206563686F0A0069636D705F696E703C
:20199C0075743A20616C6C6F636174696E67206E65772070627566206661696C65642028C6
:1319BC00746F745F6C656E206F766572666C6F77290A005C
:2019D00069636D705F696E7075743A20616C6C6F636174696E67206E6577207062756620F0
:2019F0006661696C65640A00696E65745F63686B73756D5F70736575646F28293A20636869
:201A100065636B73756D6D696E6720706275662025702028686173206E65787420257029C0
:031A3000200A0089
:201A3400696E65745F63686B73756D5F70736575646F28293A207062756620636861696E8E
:131A5400206C7769705F63686B73756D28293D25780A0084
:201A68004C5749505F434F4E53545F43415354206E6F7420696D706C656D656E746564206D
:201A8800636F72726563746C792E20436865636B20796F7572206C77495020706F72742E9D
:011AA800003D
:201AAC002E2E2F4C69627261726965732F45746865726E65742F6C7769702F7372632F6390
:0B1ACC006F72652F696E69742E630055
:201AD8006970345F726F7574653A204E6F20726F75746520746F2025752E25752E25752E72
:201AF80025750A006970345F696E7075743A207061636B6574206E6F7420666F72207573DC
:031B18002E0A0092
:201B1C004950207061636B6574206973206120667261676D656E74202869643D3078253038
:201B3C00347820746F745F6C656E3D2575206C656E3D2575204D463D2575206F66667365FE
:201B5C00743D2575292C2063616C6C696E67206970345F726561737328290A006970345F5E
:091B7C00696E7075743A200A00CC
:201B88006970345F696E7075743A20702D3E6C656E20257520702D3E746F745F6C656E2063
:201BA80025750A00556E737570706F72746564207472616E73706F72742070726F746F630C
:071BC8006F6C2025750A0077
:201BD000702D3E726566203D3D2031002E2E2F4C69627261726965732F45746865726E65D0
:1B1BF000742F6C7769702F7372632F636F72652F697076342F6970342E6300AD
:201C0C006970345F6F75747075743A206E6F7420656E6F75676820726F6F6D20666F7220E6
:131C2C0049502068656164657220696E20706275660A00B5
:201C4000636865636B207468617420666972737420706275662063616E20686F6C642073F4
:0D1C600074727563742069705F68647200AF
:201C700069705F696E7075743A2069706864722D3E646573742030782578206E65746966C5
:201C90002D3E69705F6164647220307825782028307825782C20307825782C2030782578E2
:031CB000290A00FE
:201CB4006970345F6F75747075743A204C5749505F49505F484452494E434C206275742077
:131CD4007062756620697320746F6F2073686F72740A0088
:171CE8006970345F6F75747075745F69663A202563256325750A008C
:201D00006970345F6F75747075745F69663A2063616C6C206E657469662D3E6F75747075A4
:051D20007428290A00EF
:201D28006970345F696E7075743A207061636B6574206163636570746564206F6E20696EE0
:0E1D48007465726661636520256325630A0079
:201D58004950207061636B65742064726F707065642064756520746F206261642076657217
:201D780073696F6E206E756D6265722025750A006970345F696E7075743A2073686F7274FF
:201D98002049502068656164657220282575206279746573292072656365697665642C20E4
:131DB8004950207061636B65742064726F707065640A00CF
:201DCC0049502068656164657220286C656E2025752920646F6573206E6F742066697420AC
:201DEC00696E206669727374207062756620286C656E202575292C204950207061636B6578
:201E0C00742064726F707065642E0A00495020286C656E20257529206973206C6F6E6765C8
:201E2C0072207468616E207062756620286C656E202575292C204950207061636B65742085
:0A1E4C0064726F707065642E0A0066
:201E5800436865636B73756D20283078257829206661696C65642C204950207061636B65F3
:201E7800742064726F707065642E0A006970345F696E7075743A207061636B657420736F20
:201E980075726365206973206E6F742076616C69642E0A00FFFFFFFF69705F726561737354
:201EB8005F746D723A2074696D6572206465632025750A0073616E69747920636865636B17
:0D1ED800206C696E6B6564206C697374008A
:201EE80073697A656F66287374727563742069705F72656173735F68656C70657229203CA3
:0A1F08003D2049505F484C454E0053
:1E1F1400636865636B20667261676D656E747320646F6E2774206F7665726C617000B5
:201F34006E6F2070726576696F757320667261676D656E742C2074686973206D7573742092
:171F540062652074686520666972737420667261676D656E74210071
:0D1F6C0073616E69747920636865636B00B2
:201F7C0076616C69646174655F646174616772616D3A6E6578745F70627566213D4E554C09
:021F9C004C00F7
:201FA0006970345F72656173733A204950206F7074696F6E732063757272656E746C792050
:201FC0006E6F7420737570706F72746564210A006970345F72656173733A204F7665726699
:201FE0006C6F7720636F6E646974696F6E3A207062756663743D25642C20636C656E3D25B4
:0B200000642C204D41583D25640A006F
:20200C006970345F72656173733A206D61746368696E672070726576696F7573206672618F
:0D202C00676D656E742049443D25780A00FB
:20203C006970345F72656173733A206C61737420667261676D656E74207365656E2C2074ED
:0D205C006F74616C206C656E2025640A00B5
:1F206C0069705F72656173735F746D723A2074696D65722074696D6564206F75740A001D
:1B208C0069705F72656173735F70627566636F756E74203E3D20636C656E0051
:2020A80069705F72656173735F70627566636F756E743A202564206F75740A0069707220BD
:2020C800213D204E554C4C006E6F74206669727374616C74686F756768206A7573742065DF
:1F20E8006E717565756564006970345F72656173733A206E756C6C72657475726E0A0099
:0A2108007020213D204E554C4C0084
:1521140070637220213D204E554C4C00706372203D3D20700029
:1B212C006970345F6672616728293A207062756620746F6F2073686F72740072
:2021480074686973206E656564732061207062756620696E206F6E652070696563652100A2
:0F216800702D3E6C656E203E3D20706F666600E8
:202178007072657620213D20697072002E2E2F4C69627261726965732F45746865726E657F
:20219800742F6C7769702F7372632F636F72652F697076342F6970345F667261672E6300FB
:1221B800707265762D3E6E657874203D3D206970720029
:1D21CC0070627566735F6672656564202B20636C656E203C3D20307866666666006B
:2021EC0069705F72656173735F70627566636F756E74203E3D2070627566735F667265656C
:02220C0064006C
:202210004661696C656420746F20616C6C6F6320726561737364617461207374727563749E
:022230000A00A2
:0622340000000C11111165
:20223C004879756E646169204E4756205363686F6F6C00000000000000000000000000001D
:07225C00000000000000007B
:202264006D656D5F667265653A2073616E69747920636865636B20616C69676E6D656E742B
:012284000059
:202288006D656D5F667265653A2073616E69747920636865636B20616C69676E6D656E7407
:0222A8000A002A
:1922AC006D656D5F667265653A20696C6C6567616C206D656D6F727900EC
:1A22C8006D656D5F667265653A20696C6C6567616C206D656D6F72790A00C5
:2022E4006D656D5F667265653A20696C6C6567616C206D656D6F72793A20646F75626C65D8
:0623040020667265650011
:20230C006D656D5F667265653A20696C6C6567616C206D656D6F72793A20646F75626C65AF
:20232C0020667265653F0A006D656D5F667265653A20696C6C6567616C206D656D6F727959
:1A234C003A206E6F6E2D6C696E6B65643A20646F75626C6520667265650097
:202368006D656D5F667265653A20696C6C6567616C206D656D6F72793A206E6F6E2D6C6981
:202388006E6B65643A20646F75626C6520667265653F0A006D656D5F7472696D3A206C652E
:0B23A80067616C206D656D6F7279003D
:1A23B4006D656D5F7472696D3A20696C6C6567616C206D656D6F72790A00BE
:1723D000706C75675F686F6C65733A206D656D203E3D2072616D0030
:2023E8006D656D5F7472696D2063616E206F6E6C7920736872696E6B206D656D6F727900DF
:11240800696E76616C6964206E657874207074720087
:19241C006D656D5F6D616C6C6F633A20216C667265652D3E7573656400EC
:202438006D656D5F6D616C6C6F633A20616C6C6F6361746564206D656D6F7279206E6F7441
:202458002061626F76652072616D5F656E642E006D656D5F6D616C6C6F633A20616C6C6FFB
:1F2478006361746564206D656D6F72792070726F7065726C7920616C69676E65642E00CC
:202498006D656D5F6D616C6C6F633A2073616E69747920636865636B20616C69676E6D6501
:0324B8006E74003F
:2024BC006D656D5F6D616C6C6F633A20636F756C64206E6F7420616C6C6F6361746520255E
:0924DC00642062797465730A0042
:2024E8002E2E2F4C69627261726965732F45746865726E65742F6C7769702F7372632F634A
:0A2508006F72652F6D656D2E630084
:1A251400706C75675F686F6C65733A206D656D203C2072616D5F656E640090
:1B253000706C75675F686F6C65733A206D656D2D3E75736564203D3D203000BF
:20254C00706C75675F686F6C65733A206D656D2D3E6E657874203C3D204D454D5F53495A8D
:0A256C00455F414C49474E454400CD
:1725780053616E69747920636865636B20616C69676E6D656E7400D7
:1B2590006661696C656420746F20637265617465206D656D5F6D757465780043
:2025AC006D656D5F667265652870203D3D204E554C4C29207761732063616C6C65642E0AF1
:0125CC00000E
:2025D0006D656D705F6D616C6C6F633A206D656D702070726F7065726C7920616C69676E94
:0325F0006564001F
:2025F4002E2E2F4C69627261726965732F45746865726E65742F6C7769702F7372632F633D
:0B2614006F72652F6D656D702E630006
:202620006D656D705F6D616C6C6F633A206F7574206F66206D656D6F727920696E20706FBE
:072640006F6C2025730A00F6
:1D2648006D656D705F6D616C6C6F633A2074797065203C204D454D505F4D415800E3
:202668006D656D705F667265653A206D656D2070726F7065726C7920616C69676E65640078
:1B2688006D656D705F667265653A2074797065203C204D454D505F4D4158007B
:2026A400D027008094270080A8270080BC2700806C270080302700808027008044270080B6
:2026C400582700805544505F504342005443505F504342005443505F5043425F4C49535409
:0326E400454E0060
:1226E8005443505F534547005245415353444154410023
:0A26FC00465241475F504255460028
:192708005359535F54494D454F555400504255465F5245462F524F4D00AD
:0A272400504255465F504F4F4C00E5
:20273000FC260080987E017018000F00904F0170287F017014270080A87E0170100010005F
:20275000007701702C7F017024270080B87E017060021000FC500170307F0170F02600800E
:20277000C87E01702000050004780170347F017008270080D87E017010000300A878017042
:20279000387F0170D0260080E87E01709C000500C07901703C7F0170D8260080F87E0170D8
:2027B0001C000800DC780170407F0170E8260080087F017014001000D07C0170447F017055
:1B27D000C8260080187F017020000400147E0170487F0170206164647220003E
:2027EC006966785F6E657469665F696E7075743A20495020696E707574206572726F720AEB
:01280C0000CB
:1F2810006966785F6E657469665F696E7075743A207479706520756E6B6E6F776E0A0008
:0A283000206E65746D61736B20006B
:05283C00206777200079
:172844006966785F6E657469665F696E6974202820252378290A0053
:1F285C006966785F6E657469665F696E69743A206F7574206F66206D656D6F72790A0024
:20287C00696E76616C696420706F696E746572006E657469665F7365745F697061646472A0
:1F289C003A206E657469662061646472657373206265696E67206368616E6765640A008E
:2028BC006E657469663A206E65746D61736B206F6620696E746572666163652025632563A3
:1528DC002073657420746F2025752E25752E25752E25750A005C
:1A28F4006C6F775F6C6576656C5F6F75747075742028703D252378290A0009
:202910006E657469663A2047572061646472657373206F6620696E74657266616365202588
:202930006325632073657420746F2025752E25752E25752E25750A006E657469663A20732E
:1F295000657474696E672064656661756C7420696E7465726661636520256325630A00CD
:202970006E657469665F7365745F75703A20696E76616C6964206E65746966006E6574691B
:1F299000665F69737375655F7265706F7274733A20696E76616C6964206E657469660055
:2029B0006E657469665F7365745F6C696E6B5F75703A20696E76616C6964206E657469667E
:0129D0000006
:2029D4006E657469665F7365745F6C696E6B5F646F776E3A20696E76616C6964206E657456
:0329F40069660011
:2029F8006C6F775F6C6576656C5F6F75747075743A20646174613D2523782C2025640A0016
:202A18002E2E2F4C69627261726965732F45746865726E65742F6C7769702F7372632F6314
:202A38006F72652F6E657469662E630063616C6C6261636B206D75737420626520213D20C7
:052A58004E554C4C003E
:132A6000666E206D75737420626520213D204E554C4C00E6
:162A74006E65746966206D75737420626520213D204E554C4C008D
:192A8C006E657469665F6164643A20696E76616C6964206E65746966001C
:202AA8006C6F775F6C6576656C5F6F75747075743A206C656E677468206F766572666C6F3C
:0E2AC8007720746865206275666665720A0084
:202AD8006E657469665F6164643A204E6F20696E69742066756E6374696F6E206769766504
:022AF8006E006E
:202AFC002E2E2F4C69627261726965732F45746865726E65742F6C7769702F706F72742F16
:202B1C007372632F6E657469662E63006E6574696620616C72656164792061646465640051
:202B3C006C6F775F6C6576656C5F6F75747075743A207369676E616C206C656E6774683AEC
:052B5C002025640A00C1
:1D2B64006C6F775F6C6576656C5F6F75747075743A2072657475726E204F4B0A00BD
:202B8400746F6F206D616E79206E65746966732C206D61782E20737570706F72746564207B
:0E2BA4006E756D6265722069732032353500E2
:1F2BB4006E657469663A20616464656420696E74657266616365202563256320495000E6
:202BD4006C6F775F6C6576656C5F696E7075743A207061796C6F61643D307825782C206C0B
:072BF400656E3D25640A0037
:202BFC006005008090050080A0050080B005008080050080C005008070050080D0050080D1
:162C1C00E0050080696E76616C696420706275665F747970650068
:202C3400706275665F616C6C6F635F7265666572656E63653A20436F756C64206E6F742079
:202C5400616C6C6F63617465204D454D505F5042554620666F7220504255465F25732E0A5D
:012C7400005F
:202C7800524F4D0052454600706275665F616C6C6F6365645F637573746F6D286C656E67C9
:202C980074683D2575290A00706275665F616C6C6F6365645F637573746F6D286C656E678E
:192CB80074683D2575292062756666657220746F6F2073686F72740A00C1
:202CD400706275665F7265616C6C6F633A207020213D204E554C4C00706275665F7265610B
:202CF4006C6C6F633A207120213D204E554C4C006D656D5F7472696D2072657475726E65F3
:202D1400642071203D3D204E554C4C00706275665F616C6C6F63286C656E6774683D25751D
:032D3400290A0069
:202D3800706275665F6164645F6865616465723A206661696C6564206173202570203C209A
:202D5800257020286E6F7420656E6F75676820737061636520666F72206E6577206865613C
:0B2D78006465722073697A65290A0007
:202D8400706275665F6164645F6865616465723A206F6C64202570206E657720257020287D
:052DA4002575290A005D
:1E2DAC00696E6372656D656E745F6D61676E6974756465203C3D20702D3E6C656E0054
:202DCC00706275665F72656D6F76655F6865616465723A206F6C64202570206E6577202588
:202DEC007020282575290A00706275665F667265652870203D3D204E554C4C292077617373
:0A2E0C002063616C6C65642E0A00FF
:0F2E1800706275665F66726565282570290A000D
:162E2800706275665F667265653A20702D3E726566203E203000C6
:202E4000706275665F667265653A206465616C6C6F636174696E672025700A0070632D3E86
:1D2E6000637573746F6D5F667265655F66756E6374696F6E20213D204E554C4C001B
:122E8000696E76616C69642070627566207479706500AA
:202E9400706275665F667265653A20257020686173207265662025752C20656E64696E674D
:1A2EB40020686572652E0A007062756620726566206F766572666C6F77006A
:202ED000286820213D204E554C4C2920262620287420213D204E554C4C29202870726F6726
:152EF00072616D6D65722076696F6C617465732041504929009F
:202F0800702D3E746F745F6C656E203D3D20702D3E6C656E20286F66206C61737420706222
:0D2F2800756620696E20636861696E29007E
:202F3800702D3E6E657874203D3D204E554C4C00706275665F636861696E3A20257020725A
:0E2F580065666572656E6365732025700A00FC
:202F6800706275665F616C6C6F633A207062756620712D3E7061796C6F61642070726F7064
:0D2F880065726C7920616C69676E6564008C
:132F9800706275665F636F70792825702C202570290A008E
:202FAC00706275665F636F70793A20746172676574206E6F742062696720656E6F756768F4
:202FCC0020746F20686F6C6420736F75726365006F66667365745F746F203C3D20705F74A5
:072FEC006F2D3E6C656E00C5
:1B2FF4006F66667365745F66726F6D203C3D20705F66726F6D2D3E6C656E0042
:0D301000705F746F20213D204E554C4C0028
:20302000706275665F636F7079282920646F6573206E6F7420616C6C6F77207061636B65D9
:0A3040007420717565756573210039
:20304C00706275665F636F70793A20656E64206F6620636861696E20726561636865642EDA
:02306C000A0058
:1F307000706275665F636F70795F7061727469616C3A20696E76616C6964206275660090
:20309000706275665F636F70795F7061727469616C3A20696E76616C6964206461746170A2
:0330B00074720037
:2030B4002E2E2F4C69627261726965732F45746865726E65742F6C7769702F7372632F6372
:0B30D4006F72652F706275662E63003E
:1730E000706275665F74616B653A20696E76616C696420627566008A
:1B30F800706275665F74616B653A20696E76616C6964206461746170747200BB
:20311400706275665F74616B653A20627566206E6F74206C6172676520656E6F7567680011
:20313400706275665F74616B653A20696E76616C6964207062756600646964206E6F7420FA
:0E315400636F707920616C6C2064617461009F
:11316400706275665F636F7079206661696C6564000E
:20317800504255465F504F4F4C5F42554653495A45206D757374206265206269676765729A
:20319800207468616E204D454D5F414C49474E4D454E5400706275665F616C6C6F633A20DE
:1F31B800706275662D3E7061796C6F61642070726F7065726C7920616C69676E65640065
:1B31D800706275665F616C6C6F633A206572726F6E656F7573207479706500A7
:1D31F400706275665F616C6C6F63286C656E6774683D257529203D3D2025700A00A4
:20321400FFFF8100000000280000000101010200C000000000000010070000000100000115
:203234000000000A0000000153656E6420534F4D4549502054657374204D65737361676553
:06325400202121200A00E8
:13325C007564705F73656E64746F206661696C21210A0022
:1E32700052657175657374656420556E6B6E6F776E20536572766963652049440A00D6
:2032900053656E6420534F4D452F4950205365727669636520526573706F6E7365212120B6
:0232B0000A0012
:2032B40053656E6420534F4D452F4950205365727669636520526573706F6E73652046612D
:0932D400696C65642121200A00E7
:2032E000534F4D452F49502D53442050434220496E697469616C697A65640A00534F4D4545
:203300002F49502D53442050434220696E6974206661696C65640A00534F4D452F495020AD
:1A332000536572766963652050434220496E697469616C697A6564210A000C
:20333C00534F4D452F495020536572766963652050434220696E6974206661696C65642115
:02335C000A0065
:20336000FFFF8100000000300000000101010200C0000000000000100100001001000001B6
:203380000000000A000000010000000C00090400C0A802140011772D53656E64204F666611
:2033A000657220536572766963652053756363657373202121200A0053656E64204F6666FB
:1733C00065722053657276696365204661696C6564202121200A003D
:2033D8004661696C656420746F20616C6C6F63617465206D656D6F727920666F722055444F
:1233F80050207061636B6574206275666665722E0A0009
:0B340C004D454D00434C4F534544001C
:093418004C4153545F41434B0049
:203424007463705F7063625F72656D6F76653A207463705F706362735F73616E65282900C1
:1A3444007463705F6E6578745F6973733A20696E76616C69642070636200C5
:203460007463705F6566665F73656E645F6D73735F6E657469663A20696E76616C696420E4
:073480006473745F697000C2
:203488007463705F6E657469665F69705F616464725F6368616E6765645F7063626C697331
:2034A800743A20696E76616C6964206F6C645F61646472006E657469665F7365745F6970FD
:1B34C800616464723A2061626F7274696E6720544350207063622025700A0083
:0A34E40054494D455F57414954001B
:1134F0007463705F667265653A204C495354454E005A
:203504002E2E2F4C69627261726965732F45746865726E65742F6C7769702F7372632F631D
:0A3524006F72652F7463702E630050
:193530007463705F667265655F6C697374656E3A20214C495354454E0002
:20354C007463705F72656D6F76655F6C697374656E65723A20696E76616C6964206C6973BD
:06356C0074656E6572003B
:2035740070636220213D204E554C4C007063622D3E7374617465203D3D204C495354454EDF
:013594000036
:203598007463705F636C6F73655F73687574646F776E3A20696E76616C69642070636200E6
:0735B8004C495354454E003D
:1935C0007063622D3E666C61677320262054465F5258434C4F5345440082
:1735DC007463705F636C6F73653A20696E76616C6964207063620086
:1735F4007463705F636C6F73653A20636C6F73696E6720696E2000A4
:19360C007463705F6162616E646F6E3A20696E76616C6964207063620096
:20362800646F6E27742063616C6C207463705F61626F72742F7463705F6162616E646F6E64
:1136480020666F72206C697374656E2D706362730086
:1A365C007463705F6162616E646F6E3A2073656E64696E67205253540A0076
:163678007463705F62696E643A20696E76616C6964207063620063
:203690007463705F62696E643A2063616E206F6E6C792062696E6420696E20737461746574
:2036B00020434C4F534544007463705F62696E643A2062696E6420746F20706F72742025B9
:0336D000750A0078
:0936D40053594E5F53454E54005A
:1D36E0007463705F6163636570745F6E756C6C3A20696E76616C6964207063620007
:203700007463705F6C697374656E5F776974685F6261636B6C6F675F616E645F6572723AB3
:0D37200020696E76616C6964207063620040
:203730007463705F6C697374656E5F776974685F6261636B6C6F675F616E645F6572723A83
:173750002070636220616C726561647920636F6E6E65637465640038
:203768007463705F7570646174655F7263765F616E6E5F776E643A20696E76616C696420C9
:1E378800706362006E65775F7263765F616E6E5F776E64203C3D2030786666666600BD
:2037A8007463705F7265637665643A20696E76616C69642070636200646F6E27742063618C
:1E37C8006C6C207463705F72656376656420666F72206C697374656E2D7063627300E1
:2037E8007463705F7265637665643A2077696E646F7720676F7420746F6F20626967206FF3
:1A3808007220746370776E645F73697A655F74206F766572666C6F770A00F9
:203824007463705F7265637665643A2072656365697665642025752062797465732C207700
:0D3844006E6420257520282575292E0A00A8
:0938540053594E5F5243564400E3
:1D3860007463705F736C6F77746D723A206E6F2061637469766520706362730A00E8
:203880007463705F736C6F77746D723A2070726F63657373696E67206163746976652070A7
:2038A00063620A007463705F736C6F77746D723A20616374697665207063622D3E7374619D
:0E38C000746520213D20434C4F5345440A00BF
:2038D0007463705F736C6F77746D723A20616374697665207063622D3E7374617465202122
:0A38F0003D204C495354454E0A0098
:2038FC007463705F736C6F77746D723A20616374697665207063622D3E73746174652021F6
:0D391C003D2054494D452D574149540A00A6
:20392C007463705F736C6F77746D723A206D61782053594E2072657472696573207265618D
:06394C00636865640A00D7
:203954007463705F736C6F77746D723A206D617820444154412072657472696573207265A6
:0739740061636865640A004D
:20397C0045535441424C4953484544007463705F736C6F7774696D723A20706572736973EC
:1E399C0074207469636B696E67207769746820696E2D666C6967687420646174610058
:2039BC007463705F736C6F7774696D723A2070657273697374207469636B696E6720776957
:1539DC00746820656D7074792073656E64206275666665720047
:2039F4007463705F736C6F77746D723A207274696D65202564207063622D3E72746F202577
:033A1400640A0041
:203A18007463705F736C6F77746D723A2063776E64202575207373746872657368202575C2
:023A38000A0082
:203A3C007463705F736C6F77746D723A2072656D6F76696E672070636220737475636B202C
:0F3A5C00696E2046494E2D574149542D320A00BC
:203A6C007463705F736C6F77746D723A204B454550414C4956452074696D656F75742E2017
:203A8C0041626F7274696E6720636F6E6E656374696F6E20746F20007463705F736C6F7706
:203AAC00746D723A2064726F7070696E67204F4F5345512071756575656420646174610AD6
:013ACC0000F9
:203AD0007463705F736C6F77746D723A2072656D6F76696E672070636220737475636B2098
:0D3AF000696E2053594E2D524356440A0072
:0B3B000046494E5F574149545F3100B9
:203B0C007463705F736C6F77746D723A2072656D6F76696E672070636220737475636B205B
:0D3B2C00696E204C4153542D41434B0A005B
:203B3C007463705F736C6F77746D723A206D6964646C652074637020213D207463705F61D6
:0B3B5C0063746976655F70636273003C
:203B68007463705F736C6F77746D723A20666972737420706362203D3D207463705F616384
:0A3B8800746976655F706362730074
:203B94007463705F736C6F77746D723A20706F6C6C696E67206170706C69636174696F6E50
:023BB4000A0005
:203BB8007463705F736C6F77746D723A2054494D452D57414954207063622D3E73746174C8
:0F3BD80065203D3D2054494D452D57414954002E
:203BE8007463705F736C6F77746D723A206D6964646C652074637020213D207463705F7417
:073C0800775F706362730037
:203C10007463705F736C6F77746D723A20666972737420706362203D3D207463705F7477B4
:063C30005F706362730087
:1A3C38007463705F66617374746D723A2064656C617965642041434B0A00A0
:1A3C54007463705F66617374746D723A2070656E64696E672046494E0A0069
:203C70007463705F70726F636573735F726566757365645F646174613A20696E76616C696C
:063C900064207063620075
:0B3C980046494E5F574149545F32001F
:1F3CA4007463705F696E7075743A206E6F74696679206B657074207061636B65740A00C2
:203CC4007463705F696E7075743A2064726F7020696E636F6D696E67207061636B6574737C
:193CE4002C206265636175736520706362206973202266756C6C220A0031
:193D00007463705F7365747072696F3A20696E76616C6964207063620068
:1A3D1C007463705F7365675F636F70793A20696E76616C69642073656700EE
:1B3D38007463705F726563765F6E756C6C3A20696E76616C696420706362006A
:203D54007463705F6B696C6C5F7072696F3A206B696C6C696E67206F6C6465737420504342
:0B3D74004220257020282564290A0049
:0E3D8000696E76616C6964207374617465000D
:203D90007463705F6B696C6C5F636C6F73696E673A206B696C6C696E67206F6C6465737484
:113DB0002025732050434220257020282564290A009C
:203DC4007463705F6B696C6C5F74696D65776169743A206B696C6C696E67206F6C6465734F
:193DE400742054494D452D574149542050434220257020282564290A00F3
:203E00007463705F68616E646C655F636C6F736570656E643A2070656E64696E6720464986
:033E20004E0A0047
:0B3E2400434C4F53455F574149540089
:203E30007463705F616C6C6F633A206B696C6C696E67206F6666206F6C64657374205449BA
:203E50004D452D5741495420636F6E6E656374696F6E0A007463705F616C6C6F633A206B8E
:203E7000696C6C696E67206F6666206F6C64657374204C4153542D41434B20636F6E6E652A
:073E90006374696F6E0A0004
:203E98007463705F616C6C6F633A206B696C6C696E67206F6666206F6C6465737420434C60
:123EB8004F53494E4720636F6E6E656374696F6E0A001E
:203ECC007463705F616C6C6F633A206B696C6C696E67206F6C6465737420636F6E6E6563A0
:1E3EEC0074696F6E2077697468207072696F206C6F776572207468616E2025640A0081
:203F0C00696E76616C696420736F636B657420737461746520666F722072656376206361A9
:073F2C006C6C6261636B0025
:203F3400696E76616C696420736F636B657420737461746520666F722073656E7420636177
:073F54006C6C6261636B00FD
:203F5C00696E76616C696420736F636B657420737461746520666F72206572722063616C54
:063F7C006C6261636B0042
:163F84007463705F706F6C6C3A20696E76616C6964207063620034
:1E3F9C00696E76616C696420736F636B657420737461746520666F7220706F6C6C00F8
:1B3FBC007463705F7063625F70757267653A20696E76616C69642070636200F7
:173FD800434C4F53494E47007463705F7063625F70757267650A005C
:203FF0007463705F7063625F70757267653A2064617461206C656674206F6E202D3E726536
:2040100066757365645F646174610A007463705F7063625F70757267653A206E6F742061ED
:0E4030006C6C20646174612073656E740A000C
:204040007463705F7063625F70757267653A2064617461206C656674206F6E202D3E756ED9
:0740600061636B65640A0057
:204068007463705F7063625F70757267653A2064617461206C656674206F6E202D3E6F6FB6
:054088007365710A00E0
:204090007463705F7063625F72656D6F76653A20696E76616C696420706362007463705F0C
:2040B0007063625F72656D6F76653A20696E76616C6964207063626C69737400756E7365C1
:2040D0006E74207365676D656E7473206C65616B696E6700756E61636B6564207365676DC6
:0D40F000656E7473206C65616B696E67000E
:174100006F6F736571207365676D656E7473206C65616B696E670000
:0D4118000102030405060707070707070754
:17412800508001704C800170448001706080017003060C1830607847
:2041400010340080B8350080D4360080543800807C390080003B0080983C0080243E008072
:20416000D83F008018340080E43400804563686F3A20756E61626C6520746F2062696E6434
:1F41800020746F20616E792061646472657373206F6E20706F727420313030302E0A00B4
:2041A0004563686F3A20756E61626C6520746F2063726561746520612054435020636F6E30
:0D41C00074726F6C20626C6F636B2E0A00CE
:1E41D0004E65772054435020636F6E6E656374696F6E206163636570746564210A00CC
:1F41F000702D3E746F745F6C656E203D3D20702D3E6E6578742D3E746F745F6C656E002C
:204210007463705F696E7075743A206C656E677468207531365F74206F766572666C6F7779
:164230002C2063616E6E6F742068616E646C6520746869730A003B
:204248007463705F696E7075743A20616374697665207063622D3E737461746520213D202B
:07426800434C4F5345440095
:204270007463705F696E7075743A20616374697665207063622D3E737461746520213D2003
:0A42900054494D452D574149540093
:20429C007463705F696E7075743A20616374697665207063622D3E737461746520213D20D7
:0742BC004C495354454E002C
:2042C4007463705F696E7075743A207063622D3E6E65787420213D20706362202862656603
:0B42E4006F726520636163686529004C
:2042F0007463705F696E7075743A207063622D3E6E65787420213D207063622028616674C9
:0A431000657220636163686529008F
:20431C007463705F696E7075743A2054494D452D57414954207063622D3E737461746520BF
:0D433C003D3D2054494D452D574149540049
:20434C007463705F696E7075743A207061636B656420666F722054494D455F574149546906
:20436C006E6720636F6E6E656374696F6E2E0A007463705F696E7075743A207061636B65A0
:1D438C006420666F72204C495354454E696E6720636F6E6E656374696F6E2E0A0094
:2043AC007463705F696E7075743A20696E76616C69642070627566007063622D3E72656630
:1243CC00757365645F64617461203D3D204E554C4C0040
:2043E0007463705F696E7075743A206B65657020696E636F6D696E67207061636B65742CB0
:20440000206265636175736520706362206973202266756C6C220A007463705F696E7075D0
:20442000743A206E6F20504342206D6174636820666F756E642C20726573657474696E6752
:034440002E0A0041
:1B4444007463705F696E7075743A207463705F706362735F73616E6528290088
:204460007463705F696E7075745F64656C617965645F636C6F73653A20696E76616C696479
:054480002070636200E2
:1E4488007463705F6C697374656E5F696E7075743A20696E76616C69642070636200BC
:2044A8007463705F6C697374656E5F696E7075743A2041434B20696E204C495354454E2CF5
:2044C8002073656E64696E672072657365740A0054435020636F6E6E656374696F6E2072B6
:1244E800657175657374202575202D3E2025752E0A00F4
:2044FC007463705F6C697374656E5F696E7075743A20636F756C64206E6F7420616C6C6F32
:0A451C0063617465205043420A00F9
:204528007463705F74696D65776169745F696E7075743A20696E76616C6964207063620044
:204548002E2E2F4C69627261726965732F45746865726E65742F6C7769702F7372632F63C9
:0D4568006F72652F7463705F696E2E6300C3
:194578007463705F70726F636573733A20696E76616C69642070636200EF
:1F4594007463705F70726F636573733A20436F6E6E656374696F6E2052455345540A004C
:2045B4007463705F696E7075743A207063622D3E737461746520213D20434C4F534544009E
:2045D4007463705F70726F636573733A20756E61636365707461626C65207265736574207E
:1545F4007365716E6F202575207263765F6E78742025750A00EA
:20460C0053594E2D53454E543A2061636B6E6F202575207063622D3E736E645F6E7874202F
:0F462C00257520756E61636B65642025750A0026
:20463C007463705F70726F63657373202853454E54293A2063776E6420257520737374686C
:09465C00726573682025750A00DF
:164668007063622D3E736E645F71756575656C656E203E203000E6
:204680007463705F70726F636573733A2053594E2D53454E54202D2D71756575656C656EDC
:0546A0002025750A0051
:1346A8006E6F207365676D656E7420746F2066726565004A
:2046BC0054435020636F6E6E656374696F6E2065737461626C6973686564202575202D3EBA
:0646DC002025752E0A00E6
:2046E4007463705F696E7075743A2073686F7274207061636B657420282575206279746508
:0E4704007329206469736361726465640A003E
:1E4714007063622D3E6C697374656E65722D3E61636365707420213D204E554C4C00CD
:204734007463705F70726F63657373202853594E5F52435644293A2063776E6420257520E7
:0D47540073737468726573682025750A0020
:2047640054435020636F6E6E656374696F6E20636C6F7365643A2046494E5F574149545F3A
:0D47840031202575202D3E2025752E0A00C0
:2047940054435020636F6E6E656374696F6E20636C6F7365643A2046494E5F574149545F0A
:0D47B40032202575202D3E2025752E0A008F
:2047C40054435020636F6E6E656374696F6E20636C6F7365643A20434C4F53494E47202556
:0A47E40075202D3E2025752E0A00D9
:2047F00054435020636F6E6E656374696F6E20636C6F7365643A204C4153545F41434B20FC
:0B4810002575202D3E2025752E0A0086
:20481C007463705F6F6F735F696E736572745F7365676D656E743A20696E76616C696420DE
:05483C006373656700D5
:204844007463705F726563656976653A2072656D6F76696E672025753A25752066726F6DA8
:0A486400207063622D3E25730A00E8
:1E4870007463705F726563656976653A2071756575656C656E202575202E2E2E20005F
:204890007063622D3E736E645F71756575656C656E203E3D20706275665F636C656E286E61
:2048B0006578742D3E7029007463705F696E7075743A207061636B65742064697363617255
:2048D0006465642064756520746F206661696C696E6720636865636B73756D2030782530B0
:1B48F00034780A002575202861667465722066726565696E67202573290A0018
:20490C007463705F726563656976653A2076616C6964207175657565206C656E67746800B1
:19492C007463705F726563656976653A20696E76616C6964207063620053
:194948007463705F726563656976653A2077726F6E672073746174650005
:1F4964007463705F726563656976653A2077696E646F77207570646174652025750A0052
:204984007463705F726563656976653A20736C6F772073746172742063776E642025750A8D
:0149A4000012
:2049A8007463705F726563656976653A20636F6E67657374696F6E2061766F6964616E636E
:0B49C800652063776E642025750A00EF
:2049D4007463705F726563656976653A2041434B20666F722025752C20756E61636B6564C9
:0F49F4002D3E7365716E6F2025753A25750A008B
:0F4A0400756E61636B656400756E73656E74002B
:204A14007463705F696E7075743A20696E76616C696420686561646572206C656E67746840
:074A340020282575290A0066
:204A3C007463705F726563656976653A207063622D3E727474657374202575207274736599
:0F4A5C00712025752061636B6E6F2025750A0030
:204A6C007463705F726563656976653A20657870657269656E636564207274742025752067
:124A8C007469636B7320282575206D736563292E0A00EF
:204AA0007463705F726563656976653A2052544F20257520282575206D696C6C6973656310
:074AC0006F6E6473290A0008
:1F4AC800696E7365672E7020213D204E554C4C00696E73616E65206F66667365742100FC
:204AE8007062756620746F6F2073686F727421007463705F726563656976653A20647570F2
:114B08006C6963617465207365716E6F2025750A0020
:204B1C007463705F726563656976653A206F7468657220656E64206F76657272616E20726E
:204B3C006563656976652077696E646F777365716E6F202575206C656E20257520726967D5
:204B5C00687420656467652025750A007463705F726563656976653A207365676D656E740E
:204B7C00206E6F74207472696D6D656420636F72726563746C7920746F207263765F776EED
:034B9C00640A00A8
:204BA0007463705F726563656976653A20726563656976656420696E2D6F72646572204625
:194BC000494E2C2062696E6E696E67206F6F7365712071756575650A007E
:204BDC00702D3E6E65787420213D204E554C4C007463705F726563656976653A2073656724
:204BFC006D656E74206E6F74207472696D6D656420636F72726563746C7920746F206F6F6A
:0B4C1C007365712071756575650A00F5
:1F4C28007463705F726563656976653A207463706C656E203E207263765F776E640A0089
:204C48007463705F726563656976653A2072656365697665642046494E2E0A007463705F47
:204C6800726563656976653A206F6F736571207463706C656E203E207263765F776E640AA7
:014C8800002B
:204C8C007463705F726563656976653A2064657175657565642046494E2E0A007463705FF8
:164CAC0070617273656F70743A20696E76616C69642070636200EE
:134CC4007463705F70617273656F70743A20454F4C0A0085
:134CD8007463705F70617273656F70743A204E4F500A0064
:134CEC007463705F70617273656F70743A204D53530A004A
:1A4D00007463705F70617273656F70743A20626164206C656E6774680A0058
:204D1C007463705F696E7075743A206F7074696F6E73206F766572666C6F77207365636FDD
:204D3C006E64207062756620282575206279746573290A007463705F70617273656F707448
:094D5C003A206F746865720A00C8
:204D6800702D3E6C656E203D3D2030006E65656420756E636861696E6564207062756600EF
:204D88007463705F6B656570616C6976653A207365716E6F2025752061636B6E6F2025758F
:0A4DA800206572722025642E0A00B7
:204DB4007463705F7A65726F5F77696E646F775F70726F62653A20696E76616C696420703A
:034DD40063620017
:204DD8007463705F7A65726F5F77696E646F775F70726F62653A2073656E64696E67205A2B
:154DF80045524F2057494E444F572070726F626520746F20006D
:204E10007463705F7A65726F5F77696E646F775F70726F62653A207463705F7469636B7390
:204E30002025752020207063622D3E746D72202575207063622D3E6B6565705F636E745F33
:094E500073656E742025750A00DB
:204E5C007463705F7A65726F5F77696E646F775F70726F62653A206E6F206D656D6F727972
:0B4E7C0020666F7220706275660A00ED
:204E88007463705F7A65726F5F77696E646F775F70726F62653A207365716E6F20257520DC
:124EA80061636B6E6F202575206572722025642E0A00E8
:1E4EBC007463705F77726974655F636865636B733A20696E76616C69642070636200A1
:204EDC007463705F777269746528292063616C6C656420696E20696E76616C69642073740A
:054EFC006174650A006D
:204F04007463705F77726974653A20746F6F206D756368206461746120286C656E3D25752B
:204F2400203E20736E645F6275663D2575290A007463705F77726974653A207175657565B4
:094F44006C656E3A2025750A0027
:204F50007463705F77726974653A20746F6F206C6F6E6720717565756520257520286D61DF
:074F700078202575290A00D5
:204F78007463705F77726974653A207062756673206F6E207175657565203D3E20617420DC
:1A4F98006C65617374206F6E65207175657565206E6F6E2D656D7074790078
:204FB4007463705F77726974653A206E6F207062756673206F6E207175657565203D3E2098
:124FD400626F74682071756575657320656D7074790017
:174FE8007463705F77726974653A20696E76616C696420706362004B
:205000007463705F7772697465287063623D25702C20646174613D25702C206C656E3D25EB
:11502000752C20617069666C6167733D2575290A006D
:205034007463705F6372656174655F7365676D656E743A20696E76616C696420706362005A
:205054007463705F77726974653A20617267203D3D204E554C4C202870726F6772616D6D35
:1150740065722076696F6C61746573204150492900AA
:175088006D73735F6C6F63616C20697320746F6F20736D616C6C00AD
:2050A000756E73656E745F6F76657273697A65206D69736D61746368202870636220767381
:0F50C0002E206C6173745F756E73656E742900BA
:2050D000696E636F6E73697374656E74206F76657273697A652076732E20737061636500A5
:1E50F000696E636F6E73697374656E74206F76657273697A652076732E206C656E0054
:205110007463705F7772697465203A20636F756C64206E6F7420616C6C6F63617465206DBA
:1D513000656D6F727920666F72207062756620636F70792073697A652025750A0088
:205150007463705F77726974653A20524F4D2070627566732063616E6E6F74206265206FCD
:0951700076657273697A656400CA
:20517C007463705F77726974653A20636F756C64206E6F7420616C6C6F63617465206D6509
:19519C006D6F727920666F72207A65726F2D636F707920706275660A002D
:2051B800756E73656E745F6F76657273697A65206D69736D6174636820287063622D3E7591
:0F51D8006E73656E74206973204E554C4C290020
:2051E8007463705F77726974653A20636865636B2074686174206669727374207062756698
:1E5208002063616E20686F6C642074686520636F6D706C657465207365676C656E00F7
:205228002E2E2F4C69627261726965732F45746865726E65742F6C7769702F7372632F63DC
:0E5248006F72652F7463705F6F75742E630054
:0E5258006F76657273697A65203D3D203000E7
:205268007463705F77726974653A20636F756C64206E6F7420616C6C6F63617465206D651C
:165288006D6F727920666F722068656164657220706275660A0082
:2052A0007463705F77726974653A20717565756520746F6F206C6F6E6720257520282564D1
:0352C000290A00B8
:1152C400707265765F73656720213D204E554C4C00A5
:1B52D8007463705F77726974653A207175657565696E672025753A25750A0095
:2052F4006C6173745F756E73656E742D3E6F76657273697A655F6C656674203E3D206F765E
:20531400657273697A655F75736564007463705F77726974653A2063616E6E6F7420636F37
:205334006E636174656E617465207768656E207063622D3E756E73656E7420697320656D89
:20535400707479007463705F77726974653A20657874656E73696F6E206F6620726566651D
:1953740072656E6365207265717569726573207265666572656E636500B4
:205390007463705F77726974653A2025642028616674657220656E717565756564290A0040
:1E53B0007463705F77726974653A2076616C6964207175657565206C656E67746800BD
:2053D0007463705F6372656174655F7365676D656E743A20696E76616C6964207062756643
:0153F00000BC
:1E53F4007463705F77726974653A202564202877697468206D656D20657272290A00E8
:205414007463705F73706C69745F756E73656E745F7365673A20696E76616C6964207063D8
:02543400620014
:2054380043616E27742073706C6974207365676D656E7420696E746F206C656E67746820AC
:02545800300022
:0D545C0073706C6974203C3D206D7373000B
:0E546C00757365672D3E6C656E203E20300026
:20547C007463705F656E71756575653A2073706C69745F756E73656E745F7365673A2025D3
:03549C00750A008E
:2054A0007463705F73706C69745F756E73656E745F7365673A20636F756C64206E6F74207E
:2054C000616C6C6F63617465206D656D6F727920666F7220706275662072656D61696E649A
:0754E00065722025750A002A
:2054E8007463705F73706C69745F756E73656E745F7365673A20636F756C64206E6F742036
:20550800636F707920706275662072656D61696E6465722025750A007463705F73706C6902
:20552800745F756E73656E745F7365673A20636F756C64206E6F7420637265617465206E51
:20554800657720544350207365676D656E740A00736567203D3D204E554C4C007463705F69
:205568006372656174655F7365676D656E743A206E6F206D656D6F72792E0A007463705F8F
:1655880073656E645F66696E3A20696E76616C6964207063620031
:2055A0007463705F656E71756575655F666C6167733A2071756575656C656E3A2025750A25
:0155C00000EA
:2055C4007463705F656E71756575655F666C6167733A206E656564206569746865722054B2
:2055E40043505F53594E206F72205443505F46494E20696E20666C616773202870726F6753
:1556040072616D6D65722076696F6C6174657320415049290063
:1F561C007463705F656E71756575655F666C6167733A20696E76616C69642070636200CF
:20563C007463705F656E71756575655F666C6167733A20636865636B20746861742066692C
:19565C0072737420706275662063616E20686F6C64206F70746C656E0044
:205678007365672D3E746370686472206E6F7420616C69676E6564007463705F656E71751F
:205698006575655F666C6167733A20696E76616C6964207365676D656E74206C656E6774B9
:0256B800680088
:2056BC007463705F656E71756575655F666C6167733A207175657565696E672025753A25EE
:0A56DC0075202830782578290A008F
:2056E8007463705F656E71756575655F666C6167733A2025642028616674657220656E71F7
:205708007565756564290A007463705F656E71756575655F666C6167733A20696E76616CB8
:205728006964207175657565206C656E67746800702D3E746F745F6C656E203E3D206F7043
:05574800746C656E00A9
:205750007463705F6F75747075743A20696E76616C69642070636200646F6E27742063618C
:1E5770006C6C207463705F6F757470757420666F72206C697374656E2D7063627300E1
:205790007463705F6F75747075743A206E6F7468696E6720746F2073656E6420282570297E
:0257B0000A00ED
:2057B4007463705F6F75747075743A20736E645F776E642025752C2063776E642025752C9F
:1E57D40020776E642025752C20736567203D3D204E554C4C2C2061636B2025750A00D5
:2057F4007463705F6F75747075743A20736E645F776E642025752C2063776E642025752C5F
:2058140020776E642025752C20656666776E642025752C207365712025752C2061636B20E7
:1B58340025750A00525354206E6F7420657870656374656420686572652100F4
:205850007463705F6F75747075745F7365676D656E745F627573793A20696E76616C69642C
:055870002073656700D4
:205878007463705F6F75747075745F7365676D656E743A20696E76616C69642073656700C7
:205898007463705F6F75747075745F7365676D656E743A20696E76616C69642070636200B1
:2058B8007463705F6F75747075745F7365676D656E743A20696E76616C6964206E65746916
:0258D800660068
:2058DC007463705F6372656174655F7365676D656E743A206E6F20726F6F6D20666F7220A5
:1558FC005443502068656164657220696E20706275662E0A002B
:205914007463705F6F75747075745F7365676D656E743A207365676D656E7420627573799A
:025934000A0067
:1E5938007463705F6F75747075745F7365676D656E743A2072747365712025750A005B
:1B5958007463705F6F75747075745F7365676D656E743A2025753A25750A00B9
:135974006F7074696F6E73206E6F742066696C6C65640013
:205988007463705F7265786D69745F72746F5F707265706172653A20696E76616C6964205D
:2059A800706362007463705F7265786D69745F72746F3A207365676D656E74206275737987
:0259C8000A00D3
:2059CC007463705F7265786D69745F72746F5F636F6D6D69743A20696E76616C696420700F
:0359EC00636200F3
:2059F0007463705F7265786D69745F72746F3A20696E76616C696420706362007463705F68
:205A10007265786D69743A20696E76616C696420706362007463705F7265786D6974206286
:055A30007573790A0006
:205A38007463705F706275665F707265616C6C6F633A20696E76616C6964206F76657273BA
:205A5800697A65007463705F7265786D69745F666173743A20696E76616C69642070636204
:015A7800002D
:205A7C007463705F726563656976653A2064757061636B7320257520282575292C20666164
:125A9C0073742072657472616E736D69742025750A00E4
:205AB0007463705F726563656976653A20546865206D696E696D756D2076616C75652066F3
:205AD0006F722073737468726573682025752073686F756C64206265206D696E2032206DAE
:0A5AF00073732025752E2E2E0A0078
:205AFC00636865636B207468617420666972737420706275662063616E20686F6C642073FA
:0E5B1C007472756374207463705F6864720045
:205B2C007463705F6F75747075745F616C6C6F635F6865616465723A20696E76616C69648F
:055B4C002070636200FF
:205B54007463705F6F75747075745F66696C6C5F6F7074696F6E733A20696E76616C696428
:065B74002070627566005E
:205B7C007463705F6F75747075745F636F6E74726F6C5F7365676D656E743A20696E7661F8
:095B9C006C6964207062756600FA
:1A5BA8007463705F7273743A20696E76616C6964206C6F63616C5F69700040
:1B5BC4007463705F7273743A20696E76616C69642072656D6F74655F697000A2
:205BE0007463705F7273743A20636F756C64206E6F7420616C6C6F63617465206D656D6F91
:0D5C0000727920666F7220706275660A006E
:1F5C10007463705F706275665F707265616C6C6F633A20696E76616C69642070636200DB
:1D5C30007463705F7273743A207365716E6F2025752061636B6E6F2025752E0A0000
:205C50007463705F73656E645F656D7074795F61636B3A20696E76616C6964207063620032
:205C70007463705F6F75747075743A202841434B2920636F756C64206E6F7420616C6C6FD3
:0B5C90006361746520706275660A0095
:205C9C007463705F6F75747075743A2073656E64696E672041434B20666F722025750A0035
:1B5CBC007463705F6B656570616C6976653A20696E76616C69642070636200DB
:205CD8007463705F6B656570616C6976653A2073656E64696E67204B454550414C49564558
:0B5CF8002070726F626520746F200046
:205D04007463705F6B656570616C6976653A207463705F7469636B73202575202020706318
:205D2400622D3E746D72202575207063622D3E6B6565705F636E745F73656E742025750A9F
:015D4400005E
:205D48007463705F6B656570616C6976653A20636F756C64206E6F7420616C6C6F636174FD
:135D680065206D656D6F727920666F7220706275660A00CC
:205D7C007379735F74696D656F75743A2074696D656F757420213D204E554C4C2C20706FDD
:1D5D9C006F6C204D454D505F5359535F54494D454F555420697320656D7074790091
:205DBC002E2E2F4C69627261726965732F45746865726E65742F6C7769702F7372632F633D
:0F5DDC006F72652F74696D656F7574732E630038
:205DEC0054696D656F75742074696D6520746F6F206C6F6E672C206D6178206973204C574E
:165E0C0049505F55494E5433325F4D41582F34206D736563730000
:205E2400FA000000D47A0180E8030000B4270180E803000052FB00802C20257529203C2DFE
:0B5E44002D2028002C202575290A00C5
:065E5000706362202800CF
:205E58007564705F696E7075743A2063616C63756C6174696E6720636865636B73756D0AF4
:015E78000029
:1B5E7C00706275665F72656D6F76655F686561646572206661696C65640A001A
:205E98007564705F696E7075743A206E6F7420666F722075732E0A007564705F696E70755C
:205EB800743A2055445020286F7220554450204C6974652920646174616772616D206469BC
:205ED800736361726465642064756520746F206661696C696E6720636865636B73756D0AFC
:015EF80000A9
:205EFC007564705F696E7075745F6C6F63616C5F6D617463683A20696E76616C6964207007
:035F1C00636200BD
:205F20007564705F73656E64746F3A20696E76616C696420706362007564705F73656E6444
:115F4000746F3A20696E76616C69642070627566005F
:1B5F54007564705F73656E64746F3A20696E76616C6964206473745F69700019
:0A5F70007564705F73656E640A00CB
:175F7C007564705F73656E643A204E6F20726F75746520746F200033
:1B5F94007564705F73656E64746F5F69663A20696E76616C69642070636200F9
:205FB0007564705F73656E64746F5F69663A20696E76616C69642070627566007564705FB8
:1A5FD00073656E64746F5F69663A20696E76616C6964206473745F69700018
:1D5FEC007564705F73656E64746F5F69663A20696E76616C6964206E6574696600BE
:20600C002E2E2F4C69627261726965732F45746865726E65742F6C7769702F7372632F63EA
:0A602C006F72652F7564702E63001B
:1F6038007564705F73656E64746F5F69665F7372633A20696E76616C69642070636200A9
:206058007564705F73656E64746F5F69665F7372633A20696E76616C696420706275660010
:206078007564705F73656E64746F5F69665F7372633A20696E76616C6964206473745F698A
:02609800700096
:20609C007564705F73656E64746F5F69665F7372633A20696E76616C6964207372635F6969
:0260BC00700072
:2060C0007564705F73656E64746F5F69665F7372633A20696E76616C6964206E657469663F
:0160E00000BF
:2060E4007564705F73656E643A206E6F742079657420626F756E6420746F206120706F7200
:20610400742C2062696E64696E67206E6F770A007564705F73656E643A20666F7263656443
:1361240020706F72742062696E64206661696C65640A0037
:206138007564705F73656E643A20636F756C64206E6F7420616C6C6F636174652068656160
:056158006465720A00FD
:206160007564705F73656E643A2061646465642068656164657220706275662025702062F4
:1561800065666F726520676976656E20706275662025700A0034
:206198007564705F73656E643A2061646465642068656164657220696E20676976656E2070
:0961B800706275662025700A0072
:2061C4007564705F696E7075745F6C6F63616C5F6D617463683A20696E76616C6964206E3E
:0561E40065746966000E
:2061EC00636865636B207468617420666972737420706275662063616E20686F6C64207303
:0E620C007472756374207564705F686472004C
:20621C007564705F73656E643A2073656E64696E6720646174616772616D206F66206C6587
:09623C006E6774682025750A00E4
:206248007564705F73656E643A20554450207061636B6574206C656E6774682025750A00A3
:1F6268007564705F73656E643A2055445020636865636B73756D203078253034780A003C
:206288007564705F73656E643A2069705F6F75747075745F696620282C2C2C2C307825303E
:0662A80032782C290A00E7
:1662B0007564705F62696E643A20696E76616C69642070636200FD
:1362C8007564705F62696E6428697061646472203D200065
:0E62DC002C20706F7274203D202575290A0059
:2062EC007564705F62696E643A206F7574206F6620667265652055445020706F7274730A79
:01630C000090
:206310007564705F62696E643A206C6F63616C20706F727420257520616C72656164792002
:16633000626F756E6420627920616E6F74686572207063620A00D4
:206348007564705F696E7075743A20696E76616C69642070627566007564705F62696E640A
:206368003A20626F756E6420746F20002C20706F7274202575290A007564705F636F6E6E2C
:116388006563743A20696E76616C6964207063620032
:20639C007564705F636F6E6E6563743A20696E76616C696420697061646472007564705FD2
:1763BC00636F6E6E6563743A20636F6E6E656374656420746F2000B0
:2063D4007564705F646973636F6E6E6563743A20696E76616C696420706362007564705F99
:1263F400726563763A20696E76616C6964207063620051
:206408007564705F72656D6F76653A20696E76616C696420706362007564705F696E707544
:11642800743A20696E76616C6964206E657469660078
:20643C007564705F696E7075743A2073686F72742055445020646174616772616D20282507
:20645C007520627974657329206469736361726465640A007564705F696E7075743A2072CA
:1F647C006563656976656420646174616772616D206F66206C656E6774682025750A0070
:06649C0075647020280069
:2064C000911000F8D9FF50580D00000202F4DC0F00000000000000000000000000000000B3
:2064E000911000F8D9FF4C480D00000202F4DC0F00000000000000000000000000000000A7
:20650000911000F8D9FF48380D00000202F4DC0F000000000000000000000000000000009A
:20652000911000F8D9FF442802F4DC0F00000000000000000000000000000000000000009D
:20654000911000F8D9FF40180D00000202F4DC0F0000000000000000000000000000000082
:20656000911000F8D9FF3CF80D00000202F4DC0F0000000000000000000000000000000086
:20658000911000F8D9FF56780D00000202F4DC0F00000000000000000000000000000000CC
:1265A000911000F8D9FF54680D00000202F4DC0F00903C
:2065C000911000F8D9FF50580D00000202F4DC0F00000000000000000000000000000000B2
:2065E000911000F8D9FF4C480D00000202F4DC0F00000000000000000000000000000000A6
:20660000911000F8D9FF48380D00000202F4DC0F0000000000000000000000000000000099
:20662000911000F8D9FF442802F4DC0F00000000000000000000000000000000000000009C
:20664000911000F8D9FF40180D00000202F4DC0F0000000000000000000000000000000081
:20666000911000F8D9FF3CF80D00000202F4DC0F0000000000000000000000000000000085
:20668000911000F8D9FF56780D00000202F4DC0F00000000000000000000000000000000CB
:1266A000911000F8D9FF54680D00000202F4DC0F00903B
:0466B80000A03CFF03
:2066C0000F05D011174580010B00D0010F00B02142218B0101110F2010006B0500200090CC
:2066E0003256FF0626003B00FEFF3FF617000F6510308B0602601745802600903256FF069D
:2067000018003B00FEFF3FF60F000F6500308B060260174580260090A2F63705C13F0F6574
:2067200010200090A2F682030F6500200090DA207FF60700174580360F6400200090A2F615
:2067400082020F6400300090820C822D3C130757FFCF8755BFDFCE57460546048B14804037
:206760008B05A050CE77460746068B1680608B07A07082028203820082013A260B2700F206
:206780006E023C4F0B6430F10B7500F20B75A0F26E04024002513C453A640B7500F26E03E1
:2067A00082123C3F3B0004E00B6030F10B7100F20B71A0F2DE1087559FFF06116701801F1D
:2067C0008B1FE0060248025906156745805F0614C2FE3CEB0284029506F067101F0006F13D
:2067E000C21E82087AE86E1D87559FFF06116701801F8B1FE0060B60C0A00B71D0B007BB91
:206800009FFF06156745805F061406136723803F8B1FE0266E0302A002B1C2183FE8E67FDC
:2068200076C7460346028B1280208B03A030DF2D0B00071DE0FF76F7460146008B108000C0
:206840008B01A01000903B00034040F440C5007074DF3B00034040C4007061000E00370A50
:206860006800DA0A4BF011020070610006003BE0024040C4007054DFC21F74DF007091006E
:2068800000F8D9FF300009F040090B0410F10B1580F2EE08910000F8D9FF300009F2400949
:2068A0003C274DC0E2FF370FE1F78B0F20F23C010D00400300003C013C0185F010018203AB
:2068C000020285F12C018200A620A6313C01910000F8D9FF300009F24009262026316E03D2
:2068E0000D0000033C010B4040200B5150303C013C01910000F8D9FF300009F040090B026A
:2069000010F10B1380F2EE03DA003C294DC0E2FF370FE1F78B0F20F23C010D004003000071
:206920003C013C0185F010018205020485F12C018200A640A6513C01910000F8D9FF3000FA
:2069400009F44009264026516E030D0000033C010B2050F10B3100F20B1390F23C016ECAA7
:206960000090914000FF39F0138ADA1037F085F1914000FFE9FF138A00900D0000029100E5
:2069800000F7D9FF000054FF910000F7D9FF040054F83F8F0800910000F7D9FF040054FF98
:2069A000DE14914000FF39FF008A914000FF39F8008A3708E1818F188081378F81F1914076
:2069C00000FFE9FF008A3C20910000F7D9FF000054FF910000F7D9FF040054F8532820806C
:2069E0007F8F0D00914000FF39FF008AB70F81F1914000FFE9FF008A3C07910000F7D9FFCD
:206A00000000DA0074FF910000F7D9FF0000910000C7D9CC000054CFC21F74FF0D00400206
:206A20000080910000F7D9FF00046D006380F4F2910000F7D9FF000454FF6E2B910000F764
:206A4000D9FF0004D4F491000058D95530203B8045436D00147BDF021C80910000F7D9FF0F
:206A6000000491000027D9220004D4243BF00F406D00417FF4F2910000F7D9FF0004D4F4AA
:206A800091000058D95592A66D00D4793C013C010090405C821440C46D0002843BC000407F
:206AA0006D00D461402FBD0F2700DA0134FFE81CDA002CF1A002E82240C440F56D00DB7A22
:206AC00091000058D95582E640C46D009C8291000058D955B8C640C46D00F37C910000584A
:206AE000D95580D6820440C46D00D4818202DA0234FF3C0282F23C010090404F405CA005E4
:206B000040F46D00B87AA00540F46D00AB83A00540F46D007882A00540F46D00D27CA005B5
:206B2000820440F46D00B681BCC440C46D00BF5F40F46D00327B0090BC436D00B85F0090F7
:206B4000404F405CBD0F1800482F6E0D91000058D955F47640C46D00858340C440F56D0094
:206B60001B013C0714FF5E3540C440F56DFFC7FF82023C0640C46D0059793B30FF2F3C01C6
:206B800000902028404C405D406E0248BD0C148091000028D9222010F4A2DA6178019100E0
:206BA00000F8D9FF2C10F80291000048D94438006D0087B4BD0E1980DA0334CF4CC2EE06B3
:206BC00040D440C56DFF9BFF3C0C91000058D955F47640D46D00468340D440C56D00DC0021
:206BE00082081D00D6007689BCE6A00FECC240E46D0029721D00CD0014CFDF2FB1804CC2D4
:206C0000DF0FA78089CE8809CCE1082F8F8F2000CCE1083FA6F0DF502E80910000F8D9FF8D
:206C2000002049FF000A49A20C0AC504100004FF242FFC4ECCE1088F89AF1408CCE1089F7C
:206C400089AF1508CCC2DA11ACF5CCC2C81449A50C0A3B1001406D00A36491000058D95540
:206C6000F47640D46D00FE8240D440C56D0094003C6EBB1000F85F0F6680CCE108CF2CAC72
:206C8000CCE108DF8F8F2000CCE108EFA6F089A08E08910000F8D9FF142049FF000A49A257
:206CA000100AC504100004FF242FFC4ECCE1088F89AF1A08CCE1089F89AF1B0809A04C08F7
:206CC000DA225F0F298009AFCE08DE126D00114B370270F0820089A01D08821089A01E0810
:206CE0008F8F3F0089A01F0889AF20083C1409AFCE08DE216D00E64A370270F0820089A0C9
:206D00001D08822089A01E088F8F3F0089A01F0889AF2008CCC2DA11ACF5CCC2C81449A5DE
:206D2000100A3B1001406D003B6491000058D955F47640D46D00968240D440C56D002C00D5
:206D40003C0640E46D007F71A00FECC23C0609C4880940E56D00D16F82083C1A14CF5E3D43
:206D600009E4C80840D46D009881A00FECC240E46D00697182083C0C09E4C80840D46D00E4
:206D80008C81A00FECC240E46D005D71820802823C010090404D405FDA003C22C82C09C529
:206DA000840909C4CA08821540D46D00D0AC022FEE1409C8CA08D4C2E82248207604C824CF
:206DC0006D00BA7240C46D003E71DF02FD7F40D402846D0062813C045EF3E82C3C01EE0AD9
:206DE000482F6E08C822092FCA0809D0E4187FF0D7FF0090404F405CDA002CF1482F6E0DF4
:206E000091000058D955F47640C46D002B8240C440F56DFFC1FF3C0714FF5E3540C440F54C
:206E20006DFF6DFE82023C010090914000FF39F0918ADA1037F085F1914000FFE9FF918ABC
:206E4000914000FF39F0928ADA1037F085F1914000FFE9FF928A821482056D001B00822477
:206E600082056D001700914000FF39FF108AB72F85F1914000FFE9FF108A914000FF39FFAF
:206E8000170AB72F85F1914000FFE9FF170A0090DA013E44DA023E4D3C17914000FF39FFED
:206EA000808A375F01F1914000FFE9FF808A3C0C914000FF39FF808A375F81F0914000FF4D
:206EC000E9FF808A3C010090DA207FF40880DA010F4F00F0894F18693C08DA018B041E00B0
:206EE0000F0F00F0894F1C690090FF9403803C09FFD40580C2A406243C048B541F4006448C
:206F0000C2348FE41F203C0100900C462E570C462E4382223C0282123C0282023C0100905D
:206F2000094F7D681607FF5F0680C22F534F20203C04C2DF530F21203C0100900B45108807
:206F4000026ADA086DFFEEFF422FE2AF429842F860823C010090094F7C681607FF5F068088
:206F6000C22F534F20203C04C2DF530F21203C0100900B451088026ADA086DFFEEFF422FED
:206F8000E2AF429842F860823C010090094F7C68370F63F2FF5F0680C22F534F20203C04CF
:206FA000C2DF530F21203C0100900B451088026ADA086DFFEDFF422FE2AF429842F860823A
:206FC0003C010090534620F0425442F460423C010090404C405F0258C82408CF37046850C5
:206FE00002F46D005422C82408C402856D00812209CF401809F05008370F03F089CF00183F
:2070000082123C010090404F0258C82408CF09F55008A64502F46D003A22C82408C4028524
:207020006D00672282123C010090405F494C080A6DFF5DFF82003C0A534020F010F25340EB
:2070400020F010C4544F742FC2103F20F7FF009020080B451088026A74A73B0020203B0002
:2070600010303B800040821582163B8000704B0961B18B030800C210821C3C404B0C4111EA
:207080004B1851D04B0961114B1D51104B0131E1F6E23C364B0E41114B1D51D04B0961113B
:2070A0006B0131FD82014B1F01F0AE064B0961F16B0F311D3C074B0961F16B0F31FD67FF3F
:2070C000BF1F7F4E03003C1C3FE018004B1B01F016068B0F20F26E1102C502E7021BDA141A
:2070E0003FEF0C00BBD0CCFC9BCFDCF34BF101F0370F61F06E023C04C21C7FC2C17FF655AC
:207100009A127EC302250207F6557F4E0400821502474B0A61F17B00E8034B0F41807F3778
:2071200003000273023402393C199A193B007102E2F04B7001220BA280000B00C0014B00BC
:2071400041114B180110370161F16E0402944B0041817FA203003C04C2F9FF39E87F5A476B
:2071600092F3DA807F3F04003B000830FF23030082233B0000249BC26124821A3C163B00C7
:207180007102E2A04B70018254A00B0880000B00C0014B0041114B120110370161F16E0462
:2071A00002A64B004121C21A7FA3EB7F094FDE48C2F537057000370F09F0894F9E48094FDC
:2071C0005F48C2F637066800370F87F0894F1F48094F5D48C2F437046800370F08F0894F43
:2071E0001D48094F5C48C2F337036800370F07F0894F1C480090094F1C4937046800370F28
:2072000087FC376F08F4375F07F0377F09F8894F1C49009020080B451088026A74A73B0066
:2072200002203B0002303B800040821582163B8000704B0961B18B030100C210821C3C4089
:207240004B0C41114B1851D04B0961114B1D51104B0131E1F6E23C364B0E41114B1D51D096
:207260004B0961116B0131FD82014B1F01F0AE064B0961F16B0F311D3C074B0961F16B0F4B
:2072800031FD67FFBF1F7F4E03003C1C3FE018004B1B01F016068B0F20F26E1102C502E7CF
:2072A000021BDA143FEF0C00BBD0CCFC9BCFDCF34BF101F0370F61F06E023C04C21C7FC26A
:2072C000C17FF6559A127EC302250207F6557F4E0400821502474B0A61F17B00E8034B0FA3
:2072E00041807F3703000273023402393C199A193B007102E2F04B7001220BA280000B0090
:20730000C0014B0041114B180110370161F16E0402944B0041817FA203003C04C2F9FF39A5
:20732000E87F5A4792F3DA107F3F04003B000130FF23030082233B0000249BC26124821A01
:207340003C163B007102E2A04B70018254A00B0880000B00C0014B0041114B1201103701D7
:2073600061F16E0402A64B004121C21A7FA3EB7F094F4E48C2F537056800370F05F0894F30
:207380000E48094F4C48C2F637066800370F04F0894F0C48094F4D48C2F437046800370F5C
:2073A00005F0894F0D48094F4C48C2F337036800370F04F2894F0C480090094F0C49370488
:2073C0006800370F04F0376F05F4375F04F237076800370F05F8894F0C490090DA003E46DC
:2073E000DA01BE41DA02BE4B3C25094F5948B70F01F0894F1948094F5948B70F81F0894F7C
:2074000019483C18094F59489601894F1948094F5948B70F81F0894F19483C0C094F594844
:207420009601894F1948094F59489602894F19483C010090FF840A804C45534420000F057C
:207440001050A65F6C453C0D09401809DA084BF40122534320F00FF51050A6508940180935
:207460000090404F6D001B28022802846D0017279110003030F3D9330008143FB70F01F0D0
:207480009110003030F3D9330008343F3C019110003030F3D9330008143F370FE1F0BA0FF9
:2074A0003C016EF602846D002628009082F282003C17538020F0910000F8D9FF28C010FFD6
:2074C000D4FF7D4F0D80538020F0910000F8D9FF28C010FF481F370F48203C04C210BF203F
:2074E000EAFF3C0100906D0087203C0100902008024F6DFFDDFF910000F8D9FF282009F290
:20750000C00989A2C009534F2000534220F010AFD4FF01F000263C0100909110003030438D
:20752000D93330085430DA0137F0810FDA0137F0010F911000303043D93330087430DA00D9
:207540003E48DA013E49DA023E4ADA033E4B3C0D375002003C0A375002013C073750020209
:207560003C04375002033C01911000303043D93330087430DA0037F0810FDA0037F0010F34
:20758000911000303043D933300874300090D45FF44FD44F9110003030F3D9330008143F3B
:2075A000370FE1F0BA0F3C011E14D4446DFF5BFF0090910000F8D9FF3020D4FFF44FF4450E
:2075C0000090405FD4F2F442820809FF04083B004000E20F1025911000303053D93C004890
:2075E0003C01894C840949F5001A49440C0AA046445F644FFC6E09FF0408370F68400855EC
:2076000040246DFF8CFF09CF58481601DE1709CF5848B70F81F089CF18483C0109CF58486F
:207620006F1FFEFF09CF5848B70F01F089CF18483C0109CF58486F0FFEFF09CF5848960199
:2076400089CF18483C0109CF58481601DF1FFDFF09CF18498210370F01F08210370F81F061
:2076600089CF18496DFF41FF022909FF55386E0B482509F6CC0809F7CE0840C402946DFF50
:20768000E9FC3C0C09F4CE0809F5530809F6520809F7D00840C46DFFB0FD087F6E2909FF1D
:2076A00055386E0B485509F6D80809F7DA0840C402946DFFB1FD3C0C09F4DA0809F55F0826
:2076C00009F65E0809F7DC0840C46DFF78FE09FF60086E0E09F0600809CF4E48968089CF52
:2076E0000E4809CF4958370F07F089CF0958086F1E18086F1E26086F1E34086FDF4FAD80C2
:2077000009FF670809C0487837F003F089CF087809FFD01809C0C07886EF37F00EF189CF93
:20772000807809FF64081E2809FF64081E3509FF6408DF4F488009FF650809C0427837F047
:2077400006F089CF027809FF64081E3509FF6408DF4F248009FF64085E3BDA006E025E1887
:2077600009C0437837F001F389CF03783C0109FF64085E4BDA016E025E1809C0437837F0D1
:2077800001F389CF03783C0109FF660809C0437837F006F089CF0378DA003C0C370F68101B
:2077A00082100F10000009C12079A60189C12079C21F09F0650809F1660842103F0FF0FFED
:2077C0003C2D09FF64086E0509FF6408DF1F278009FF64086E025E1809C0437837F001F347
:2077E00089CF03783C0109FF660809C0437837F006F089CF0378DA003C0C370F681082101D
:207800000F10000009C12079A60189C12079C21F09F066083F0FF3FF3C0109FF68086E1899
:2078200009F06808DA203F0F148009FFCE1809C0F07886EF37F00EF189CFB07809FF680851
:2078400009C0727837F006F089CF32783C01087440C46DFFC5FD086F6E06086F1E24086F50
:20786000DF4FD98009FF74086E0A09FF74081E3709FF74081E4409FF7408DE5209FF75088D
:2078800009C07D6837F003F089CF3D6809FFCC1809C0EC6886EF37F00EF189CFAC6809FF0B
:2078A00074081E1809FF74081E3509FF7408DF5F2B8009FF760809C07C6837F003F089CF2D
:2078C0003C6809FFC81809C0E06886EF37F00EF189CFA06809FF7C0809C0626837F007F0D3
:2078E00089CF226809FF780809C0636837F081F389CF236809FF7A0809C0636837F007F0D0
:2079000089CF236809FF74081E2809FF74081E4509FF7408DF5F2B8009FF770809C07C6832
:2079200037F003F289CF3C6809FFCA1809C0F06886EF37F00EF189CFB06809FF7D0809C0C3
:20794000726837F007F089CF326809FF790809C0736837F081F389CF336809FF7B0809C02E
:20796000736837F007F089CF3368087440C46DFF37FD09FF6C086E0509FF6C08DF2F2380DF
:2079800009FFC41809C0C46886EF37F00EF189CF846809FF6D0809C0466837F008F089CFC4
:2079A000066809FF710809C0406837F002F289CF006809FF6F085E1609CF4068960289CF29
:2079C000006809FF6C081E1509FF6C08DF2F238009FFC61809C0C86886EF37F00EF189CF91
:2079E000886809FF6E0809C04A6837F007F089CF0A6809FF720809C0406837F002F189CF51
:207A0000006809FF70085E1609CF4068960189CF006809FF10396E2709F29039542F6E0F89
:207A200009F29039D42409F290390924440809F2903909254D086DFFE8FAA62809F2903926
:207A40004C226E1109F290390925880909F2903909240C0809F2903909254D0840C46DFFFA
:207A6000BAFAA62809FF54386E0609CF4118960189CF011809FFF218EE0509FF7418DF1FAC
:207A80002180820409F5701840C46DFFD5FCD4F409F470186DFF2DFD09F0741809FFF2187E
:207AA0001421370F68F037F108F0342F0C21370F83F12C210C2396022C230C2196042C2112
:207AC00009FFF818EE0509FF7A18DF1F2180821409F5761840C46DFFAFFCD4F409F47618D2
:207AE0006DFF07FD09F07A1809FFF8181421370F68F037F108F0342F0C21370F83F12C21E9
:207B00000C2396022C230C2196042C2109FFFE18EE0509FF4028DF1F2180822409F57C18E3
:207B200040C46DFF89FCD4F409F47C186DFFE1FC09F0402809FFFE181421370F68F037F134
:207B400008F0342F0C21370F83F12C210C2396022C230C2196042C2109FFC428EE0509FF7D
:207B60004628DF1F2180823409F5422840C46DFF63FCD4F409F442286DFFBBFC09F0462852
:207B800009FFC4281421370F68F037F108F0342F0C21370F83F12C210C2396022C230C2124
:207BA00096042C2109FFCA28EE0509FF4C28DF1F2180824409F5482840C46DFF3DFCD4F431
:207BC00009F448286DFF95FC09F04C2809FFCA281421370F68F037F108F0342F0C21370F0B
:207BE00083F12C210C2396022C230C2196042C2109FFD028EE0509FF5228DF1F21808254B0
:207C000009F54E2840C46DFF17FCD4F409F44E286DFF6FFC09F0522809FFD0281421370F6D
:207C200068F037F108F0342F0C21370F83F12C210C2396022C230C2196042C2109FFD62805
:207C4000EE0509FF5828DF1F2180826409F5542840C46DFFF1FBD4F409F454286DFF49FC5C
:207C600009F0582809FFD6281421370F68F037F108F0342F0C21370F83F12C210C23960234
:207C80002C230C2196042C2109FFDC28EE0509FF5E28DF1F2180827409F55A2840C46DFF6F
:207CA000CBFBD4F409F45A286DFF23FC09F05E2809FFDC281421370F68F037F108F0342F4B
:207CC0000C21370F83F12C210C2396022C230C2196042C2109FFE228EE0509FF6428DF1FAF
:207CE00022803B80004009F5602840C46DFFA4FBD4F409F460286DFFFCFB09F0642809FF15
:207D0000E2281421370F68F037F108F0342F0C21370F83F12C210C2396022C230C219604F2
:207D20002C2109FFE828EE0509FF6A28DF1F22803B90004009F5662840C46DFF7DFBD4F46A
:207D400009F466286DFFD5FB09F06A2809FFE8281421370F68F037F108F0342F0C21370FF0
:207D600083F12C210C2396022C230C2196042C2109FFEE28EE0509FF7028DF1F22803BA0EC
:207D8000004009F56C2840C46DFF56FBD4F409F46C286DFFAEFB09F0702809FFEE281421FE
:207DA000370F68F037F108F0342F0C21370F83F12C210C2396022C230C2196042C2109FF3C
:207DC000F428EE0509FF6A28DF1F22803BB0004009F5722840C46DFF2FFBD4F409F472289E
:207DE0006DFF87FB09F0762809FFF4281421370F68F037F108F0342F0C21370F83F12C2150
:207E00000C2396022C230C2196042C2109FFFA28EE0509FF7C28DF1F22803BC0004009F596
:207E2000782840C46DFF08FBD4F409F478286DFF60FB09F07C2809FFFA281421370F68F069
:207E400037F108F0342F0C21370F83F12C210C2396022C230C2196042C2109FFC038EE054E
:207E600009FF4238DF1F22803BD0004009F57E2840C46DFFE1FAD4F409F47E286DFF39FB9B
:207E800009F0423809FFC0381421370F68F037F108F0342F0C21370F83F12C210C2396021E
:207EA0002C230C2196042C2109FFC638EE0509FF4838DF1F22803BE0004009F5443840C465
:207EC0006DFFBAFAD4F409F444386DFF12FB09F0483809FFC6381421370F68F037F108F056
:207EE000342F0C21370F83F12C210C2396022C230C2196042C2109FFCC38EE0509FF4E3834
:207F0000DF1F22803BF0004009F54A3840C46DFF93FAD4F409F44A386DFFEBFA09F04E38C2
:207F200009FFCC381421370F68F037F108F0342F0C21370F83F12C210C2396022C230C2168
:207F400096042C2109FF54186E0A8200DA010F0F00F009C01459A6F089C0145909FF5518EC
:207F60006E0A8210DA010F0F00F009C01459A6F089C0145909FF56186E0A8220DA010F0F03
:207F800000F009C01459A6F089C0145909FF57186E0A8230DA010F0F00F009C01459A6F019
:207FA00089C0145909FF58186E0A8240DA010F0F00F009C01459A6F089C0145909FF591875
:207FC0006E0A8250DA010F0F00F009C01459A6F089C0145909FF5A186E0A8260DA010F0F1F
:207FE00000F009C01459A6F089C0145909FF5B186E0A8270DA010F0F00F009C01459A6F075
:2080000089C0145909FF5C186E0ADA0882100FF0000009CF1459A60F89CF145909FF5D1807
:208020006E0ADA0982100FF0000009CF1459A60F89CF145909FF5E186E0ADA0A82100FF02A
:20804000000009CF1459A60F89CF145909FF5F186E0ADA0B82100FF0000009CF1459A60FFA
:2080600089CF145909FF60186E0ADA0C82100FF0000009CF1459A60F89CF145909FF61188C
:208080006E0ADA0D82100FF0000009CF1459A60F89CF145909FF62186E0ADA0E82100FF0BE
:2080A000000009CF1459A60F89CF145909FF63186E0ADA0F82100FF0000009CF1459A60F92
:2080C00089CF145909FF64186E0ADA1082100FF0000009CF1459A60F89CF145909FF651820
:2080E0006E0ADA1182100FF0000009CF1459A60F89CF145909FF66186E0ADA1282100FF052
:20810000000009CF1459A60F89CF145909FF67186E0ADA1382100FF0000009CF1459A60F29
:2081200089CF145909FF68186E0ADA1682100FF0000009CF1459A60F89CF145909FF6918B1
:208140006E0ADA1782100FF0000009CF1459A60F89CF145909FF6A186E0ADA1882100FF0E1
:20816000000009CF1459A60F89CF145909FF6B186E0ADA1982100FF0000009CF1459A60FBF
:2081800089CF145909FF6C186E0ADA1A82100FF0000009CF1459A60F89CF145909FF6D1845
:2081A0006E0ADA1B82100FF0000009CF1459A60F89CF145909FF6E186E0ADA1C82100FF075
:2081C000000009CF1459A60F89CF145909CF5848B70F81F089CF18483C0109CF58486F1F36
:2081E000FEFF09CF5848B70F01F089CF18483C0109CF58486F0FFEFF02823C01009020D822
:20820000910000F8D9FF008049FF000A49A2000AC506350044FF642FFC6E545F781049AFC3
:20822000000A4942000AC506350044FF642FFC6ED45FF44F0090404F405C406D0CCDEE03B7
:208240000CCE6E210CCD6E10C812092F65688FFF03813C01C814483409F5D40802866DFF0A
:208260008AF6402E3C0FC812092F75688FFF03813C01C814483409F5D60802866DFF97F6D2
:20828000402E3C0A14C8C814483409F5D80802866DFF56F6402E0CE3370F61F36E03DA0096
:2082A0003C02DA1254E037007D00325F0FF010003C0189C002090CE3370F61F32CC70CE60D
:2082C000160F3C012CC940E46DFF21F689C20A0834C809C4490840E440D56DFFA8F60CCD0D
:2082E0006E09C812092F6868378F06F0892F28683C0A0CCE6E08C812092F7868378F06F0DD
:20830000892F3868C81402846DFFE0F50090404C405F09C40C0909C5D00814F66DFF54F65F
:2083200009C48409094F58481601DE17094F5848B70F81F0894F18483C01094F58486F1FB5
:20834000FEFF094F5848B70F01F0894F18483C01094F58486F0FFEFF094F58489601894F22
:2083600018483C01094F58481601DF1FFDFF094F18498210370F01F08210370F81F0894FB4
:208380001849081F1E7A482F0920C008370F70F037F00BF0B42F3C0708CF0920C00837F078
:2083A0000BF0B42F481F0920C208370F70F037F00BF0AC21081F0920430837F083F12C236B
:2083C000082F0920430837F002F32C23CCC109FF5848B70F81F089FF18483C0109FF58484E
:2083E0006F1FFEFF09FF5848B70F01F089FF18483C0109FF58486F0FFEFF0090200840BF94
:208400003C0180F2370368F4B75F08F037F30834370468F037F308304DC0E1FF16073C0167
:208420003703680837F003F037F308383C0189A2400909A0400900A00D004002008000906C
:20844000200840BF3C0180F2370368F4B74F08F037F30834370468F037F308304DC0E1FF6A
:2084600016073C013703680837F003F037F308383C0189A2400909A0400900A00D004002E2
:2084800000800090200840BF3C0180F2370368F4B73F08F037F30834370468F037F3083017
:2084A0004DC0E1FF16073C013703680837F003F037F308383C0189A2400909A0400900A004
:2084C0000D00400200800090200840BF3C0180F2370368F4B72F08F037F30834370468F0FA
:2084E00037F308304DC0E1FF16073C013703680837F003F037F308383C0189A2400909A04B
:20850000400900A00D00400200800090200840BF3C0180F2370368F4B71F08F037F3083473
:20852000370468F037F308304DC0E1FF16073C013703680837F003F037F308383C0189A269
:20854000400909A0400900A00D00400200800090200840BF3C0180F2370368F4B70F08F0B7
:2085600037F30834370468F037F308304DC0E1FF16073C013703680837F003F037F308382B
:208580003C0189A2400909A0400900A00D00400200800090200840BF3C0180F2370368F4CD
:2085A000B77F08F037F30834370468F037F308304DC0E1FF16073C013703680837F003F027
:2085C00037F308383C0189A2400909A040090D00400200800090200840BF3C0180F237031F
:2085E00068F4B76F08F037F30834370468F037F308304DC0E1FF16073C013703680837F08E
:2086000003F037F308383C0189A2400909A040090D00400200800090DA003E56DA013E581C
:20862000DA023E5A3C0DA664894410493C09A664894430493C05A664894410593C0100906A
:20864000404F02496D004B1F022802846D004F1EDA207FF90B8009F0082982110F91101065
:20866000A61089F008293C19DA407FF90D8009F00C2982118FF901F10FF11010A61089F09C
:208680000C293C0B09F0102982118FF903F10FF11010A61089F0102902846D00531F0090A0
:2086A000DA003E46DA013E4BDA02BE403C16094F4448B70F01F1894F04483C0F094F6448BD
:2086C000B70F01F1894F24483C08094F4458B70F01F1894F04583C010090404F02496D0066
:2086E000FE1E022802846D00021EDA207FF90D8009F0082982110F91101082FFC6F1261037
:2087000089F008293C1DDA407FF90F8009F00C2982118FF901F10FF1101082FFC6F126106C
:2087200089F00C293C0D09F0102982118FF903F10FF1101082FFC6F1261089F0102902843B
:208740006D00001F0090DA003E46DA013E4ADA023E4E3C13094F44489604894F04483C0D9A
:20876000094F64489604894F24483C07094F44589604894F04583C010090404F024F405CC9
:2087800082146D004B183C014B0271418F2400004BF011029A2006EFC2FF8BFF21F3921086
:2087A0004B0411223B00D0029B1013007F200980C21F8BFF21F392104B0411223C013B9099
:2087C000D00306503F0208803B00D0029B1013007F20048082023C0A370F68F0BCF109C0DB
:2087E000CA2837F005F289CF8A283C010090DF043B00094F04298B8701000F041040A64F84
:20880000894F0429094F04298230534720100F10000082F1C610260F894F0429094F04292B
:20882000534720000F051050A65F894F0429766D094F0429821053472010C2310F1000002A
:20884000A60F894F04293C0E094F0429821053472010C2310F10000082F1C610260F894FCB
:2088600004293C0D094F042982108B8701100F10000082F1C610260F894F04290090DA003C
:208880003E67DA01BE65DA025F6F23003C31094F00498210370F81FB374F04F8894F004963
:2088A000094F4448375F02F0894F04483C21094F20498210370F81FB374F04F8894F2049F3
:2088C000094F6448375F02F0894F24483C11094F00598210370F81FB374F04F8894F0059C3
:2088E000094F4458375F02F0894F04583C010090DA003E66DA01BE60DA02BE6A3C25094FC7
:2089000000498210370F81F7374F82F6375F04F4894F00493C19094F20498210370F81F7AB
:20892000374F82F6375F04F4894F20493C0D094F00598210370F81F7374F82F6375F04F494
:20894000894F00593C010090404F3B00054040F46DFFC5FE09FF4328968089FF03283B0030
:20896000054040F46DFF6EFE820082013C13BF4104809A413C02021F3B004020E22F10F2E6
:20898000392F4320370F61F23C016E0382103C01C211DA083FF1ED7FDF10E87F0090404C33
:2089A000405F8208C852D42D3C01C852092E84093C01C85289C2840909C28409092948084F
:2089C00009FA0C0840D402946DFF89FE08E0534A20F010E2534A20F010E439410180370188
:2089E0008101E920018008F0534A20F010E2534A20F010E4394F0280370F04F0E92F028055
:208A000009F05008534A20F010E2534A20F010E4394F0080370F02F2E92F008009F0510899
:208A2000534A20F010E2534A20F010E4394F0080370F02F3E92F00800810534A20F010E264
:208A4000534A20F010E4394F0180370F01F1E92F018008D0534A20F010E2534A20F010E483
:208A6000394F0080370F02F0E92F008009F05308534A20F010E2534A20F010E4394F018081
:208A8000370F02F0E92F01800820534A20F010E2534A20F010E4394F0280370F81F2E92FC2
:208AA000028009F05208534A20F010E2534A20F010E4394F0180370F04F2E92F018009FFBB
:208AC000C608EE04089FDF1F7680029008B1BFC90580DA147FF90280BF890780FFC90580DF
:208AE0008BC91F003C0FBFC90880DA147FF905808BC91F003C07DA143E93DA157E938B8934
:208B00001F0086204201534120F091000027D92208001022D4223C0109F00C08DA087FF02B
:208B2000190008B009E12069DA0F534A20200F2F00F082F2C62F26F189E1206909EF206909
:208B4000534A20100F101000A60F89EF20693C1708B009E12469DA0F534A20200F2F00F0ED
:208B600082F2C62F26F189E1246909EF2469534A20100F101000A60F89EF246909F00C0836
:208B8000DA010F0F10F089EF1069089009FFC6081421370F68F037F108F0342F0C21370FB4
:208BA00083F12C210C2396022C230C2196042C213C0109FFC408EE04088FDF1F828002909E
:208BC00008A1BFC90580DA147FF90280BF890780FFC905808BC91F003C0FBFC90880DA141F
:208BE0007FF905808BC91F003C07DA143E93DA157E938B891F0086204201534120F09100B2
:208C00000027D92208001022D4223C0108F0534020F010E4534020F010E5395F03A096804D
:208C2000E94F03A008FFFF8F1A8008A008F109E23069DA0F534120300F3F00F082F3C63F80
:208C400026F289E2306909EF3069534120100F101000A60F89EF30693C1B08A008F109E2CB
:208C600034693BF000309A81534F20F00FF3003082FFC6F3263289E2346909EF3469C2818B
:208C8000534120100F101000A60F89EF3469BBF0FFFF89EF1469088009FFC4081421370FA2
:208CA00068F037F108F0342F0C21370F83F12C210C2396022C230C2196042C213C0140D42A
:208CC00002946DFFBFFC08FF2CC109FF0C0834CF02823C010090910000F8D9FF08F049FFD2
:208CE000000A4942000AA06644FF642FFC6E894594090090404F405C8208D4C2D42D0CC478
:208D00003B004000E20F10D2D92E4000E81ED4C2D422F4F209C9440828898B0901003700AB
:208D2000684040D46DFFDBFC3B004000E29001D00026D922400009C04B187691BF49078053
:208D4000BF890C80DA0C7FF9090009214B28370181F0892F0B283C013B0040F0E29F10D29C
:208D6000D922400009C04C187691BF490780BF890C80DA0C7FF90900092F4A28370F81F158
:208D8000892F0A283C013B0040F0E29F10D2D922400009C04D187691BF490780BF890C800B
:208DA000DA0C7FF90900092F4A28370F03F0892F0A283C013B0040F0E29F10D2D922400039
:208DC00009C049187691BF490780BF890C80DA0C7FF90900092F4828370F01F3892F0828CE
:208DE0003C013B0040F0E29F10D2D922400009C04E187691BF490780BF890C80DA0C7FF936
:208E00000900092F4828370F02F2892F08283C013B0040F0E29F10D2D922400009C04F1809
:208E20007691BF490780BF890C80DA0C7FF90900092F4828370F81F1892F08283C013B00A1
:208E400040F0E29F10D2D922400009CFD41809C0D6180921382937F10C1037010C188921F4
:208E6000382909CF50186E163B0040F0E29F10D2D92240007691BF490780BF890B80DA0C75
:208E80007FF90800092F48289604892F08283C013C163B0040F0E29F10D2D9224000769189
:208EA000BF490780BF890C80DA0C7FF90900092F4828B70F01F1892F08283C0109CF511822
:208EC0006E163B0040F0E29F10D2D92240007691BF490780BF890B80DA0C7FF90800092FFE
:208EE00048289602892F08283C013C163B0040F0E29F10D2D92240007691BF490780BF890C
:208F00000C80DA0C7FF90900092F4828B70F81F0892F08283C013B0040F0E29F10D2D92291
:208F2000400009C052187691BF490780BF890C80DA0C7FF90900092F4828370F01F0892F56
:208F400008283C013B0040F0E29F10D2D922400009CF53180920402837F002F0892F0028CE
:208F60003BC039A59B9A64A382046D0057149130002F392F3006160F4B0F41F14BF251F0C1
:208F80003C014BAF41F04B0F71F185F110013C0185F01001A2103FF0FDFF8B0901F0370FBB
:208FA000684040D46DFF4EFB09CF04194B0F7141C81540D46DFFE3FBF62482121D00370200
:208FC000C81F82146D002A143C0109FFCA28370F65F2C21F4B0F61F14BF251A03C0109CFC5
:208FE00048185E1440D46DFFB1FC8B0901F0370F684040D46DFF73FB09CF41185E1B8214D1
:2090000009C56E0809C66F08820740E46DFFF1FB3C08820482058206820740E46DFFE9FBEB
:2090200009CF42185E1B821409C5760809C67708821740E46DFFDDFB3C088204820582067B
:20904000821740E46DFFD5FB09CF43185E1B821409C57E0809C67F08822740E46DFFC9FB2E
:209060003C08820482058206822740E46DFFC1FB0CC5BE9C0CC553C92000910000F8D9FF89
:2090800038C001F000F610FF14F03C0109EF4038370F02F089EF003809E10039DA080F0F26
:2090A00000F0A6F189E100393C01DA0009E0402837F002F089EF00283BC039B59B9B64B32F
:2090C00082046D00AB13913000FF39FF3006160F4B0F41F14BF251F03C014BBF41F04B0FB0
:2090E00071F185F110013C0185F01001A2103FF0FDFF09CF4118DF1F548049CF280A09CFC2
:209100006D086E1A820440E46DFF1FFB09C46D0809C56B08820640E46DFFECFB09C06B0864
:20912000DA0F7E0909C46A088215820640E46DFFA8FB3C013C05820440E46DFFB3FA09C024
:209140006B08DA0F3E0A09C46A0809C56C08820640E46DFF96FB3C0114FF6E0382103C02B0
:209160008200DA0082013E1682113E1B8221BE103C1609EF4548370F01F189EF05483C0F40
:2091800009EF6548370F01F189EF25483C0809EF4558370F01F189EF05583C013C0109CFD5
:2091A0004218DF1F548049CF300A09CF75086E1A821440E46DFFC9FA09C4750809C57308D8
:2091C000821640E46DFF96FB09C07308DA0F7E0909C472088215821640E46DFF52FB3C0192
:2091E0003C05821440E46DFF5DFA09C07308DA0F3E0A09C4720809C57408821640E46DFF83
:2092000040FB3C0114FF6E0382103C028200DA0182013E1682113E1B8221BE103C1609EFA7
:209220004548370F01F189EF05483C0F09EF6548370F01F189EF25483C0809EF4558370F78
:2092400001F189EF05583C013C0109CF4318DF1F548049CF380A09CF7D086E1A822440E4BF
:209260006DFF73FA09C47D0809C57B08822640E46DFF40FB09C07B08DA0F7E0909C47A08F4
:209280008215822640E46DFFFCFA3C013C05822440E46DFF07FA09C07B08DA0F3E0A09C40A
:2092A0007A0809C57C08822640E46DFFEAFA3C0114FF6E0382103C028200DA0282013E16F8
:2092C00082113E1B8221BE103C1609EF4548370F01F189EF05483C0F09EF6548370F01F135
:2092E00089EF25483C0809EF4558370F01F189EF05583C013C0109CF531809E0402837F06E
:2093000002F089EF002809CF53186E0409CF5318DE1F3BC039B59B9B64B382046D007E120D
:20932000913000FF39FF3006160F4B0F41F14BF251F03C014BBF41F04B0F71F185F1100115
:209340003C0185F01001A2103FF0FDFF3C1EBB50F9BB9B6B45B382046D006012913000FF31
:2093600039FF3006160F4B0F41F14BF251F03C014BBF41F04B0F71F185F110013C0185F0E3
:209380001001A2103FF0FDFF09C049187691BF490780BF890C80DA0C7FF9090009EF48287C
:2093A000370F01F389EF08283C0182013C34530121F010CF08C0534120F010EF534120F048
:2093C00010E2092F6128370F02F089FF2128530121F010CF482F4BAF41F04B0F7101C2E07D
:2093E000DA1F7F0F0780DA104BF011228BF200008BF02F033C01534120F010EF534120F059
:2094000010E2092F602837006800370F05F089FF2028C211BF21CDFF8B0901F0370F6840FE
:2094200040D46DFF0FF902823C010090910000F8D9FF24F049FF000A4942000AC506150017
:2094400044FF642FFC6EDA002C44F4450C442C45DA00894F0918DA00894F0B18DA00894F2E
:209460000C18DA00894F0D18DA01894F0E18DA00894F0F18DA00894F1018DA00894F11188A
:20948000DA00894F1218DA03894F1318DA00894F0A180090405C8208D4CDF44D6D00FF1721
:2094A000022F02F46D00FB16820074D002F46D00221882003C12530021F010CF0881534075
:2094C00020F010DF534020F010D2092F6128371F02F089FF2128C210BF20EFFF40D440C576
:2094E0006D00270009CFE80809C0EA0809D1382937F10C1037010C1889D1382902823C01FE
:209500000090F445DA002C48DA00894F1808DA00894F2608DA00894F2408DA00894F2508C5
:20952000DA00894FA808DA00894FAA080090094F00298210370F81F709506408370F01F602
:2095400009506508370F82F609506608370F81FF894F00290090404F6D00A117022839FF53
:209560000002AE13DA013C02DA003C011E1D02846D00951639FF0002B70F01F0E9FF000244
:2095800002846D00B81739FF0002AE123C013C01009082F282003C17910000F8D9FF70707B
:2095A000538020F010FFD4FF7D4F0D80910000F8D9FF7070538020F010FF481F370F482045
:2095C0003C04C210BF10EAFF3C010090BC41534420F060FF9140003F30F3D93240683C01CE
:2095E0000090DA003E48DA013E4EDA02BE43DA03BE4A3C210C4196802C410C41B70F01F31E
:209600002C413C1A0C4196802C410C4196402C413C130C41B70F81F32C410C41B70F01F3DD
:209620002C413C0A0C41B70F81F32C410C4196402C413C023C010090095044080C558F8FC4
:2096400000F0A6F0B71081FF594F00C014500C518F8F00F0A6F00C528F0F01F0A6F00C538E
:209660008F8F01F0A6F0594004C0009054403BE05EF07E4EDA0037F00108DA0037F0010B78
:20968000DA0037F0810BDA0037F081083C383B007DF07E4EDA0037F00108DA0137F0010BB3
:2096A000DA0037F0810BDA0037F081083C283BA033F27E4BDA0137F00108DA0037F0810BCE
:2096C000DA0037F081083C1BDA0037F00108DA0037F0010BDA0137F0810BDA0137F0810879
:2096E000094FC408374F0EF0AC420C4D96012C4D0C4C3BE00010371F04F02C4C74400090E2
:2097000082309B100000DA003E48DA013E4CDA02BE40DA03BE443C19194FEC40A6F0594056
:20972000EC403C13194FEC50A60F594FEC503C0D194FEC60A60F594FEC603C07194FEC70C4
:20974000A60F594FEC703C0100903B0030009B00100082110F511010DA003E48DA013E4D94
:20976000DA02BE42DA03BE473C1D194FEC4026F0A6105940EC403C16194FEC50260FA61FBD
:20978000594FEC503C0F194FEC60260FA61F594FEC603C08194FEC70260FA61F594FEC70F2
:2097A0003C01009082339B13003082108B8500F00FF01000DA003E48DA013E4FDA02BE4600
:2097C000DA03BE4D3C25194FEC4082F1C631261FA60F594FEC403C1C194FEC5082F2C6320C
:2097E000262FA60F594FEC503C13194FEC6082F2C632262FA60F594FEC603C0A194FEC7004
:2098000082F1C613263FA60F594FEC703C010090DA003E48DA013E4DDA02BE42DA03BE478D
:209820003C1D394FC040B72F02F1E94FC0403C16394FC050B72F02F1E94FC0503C0F394F58
:20984000C060B72F02F1E94FC0603C08394FC070B72F02F1E94FC0703C01009082100F50BC
:2098600010008201DA003E48DA013E4CDA02BE40DA03BE443C19194FEC40260F370F6810FB
:209880003C13194FEC50260F370F68103C0D194FEC60260F370F68103C07194FEC70260FB6
:2098A000370F68103C01761382123C0282023C010090DA003E48DA013E4DDA02BE42DA0382
:2098C000BE473C1D394FF040375F01F2E94FF0403C16394FF050375F01F2E94FF0503C0F1B
:2098E000394FF060375F01F2E94FF0603C08394FF070375F01F2E94FF0703C010090DA008B
:209900003E48DA013E4DDA02BE42DA03BE473C1D394FF040375F81F1E94FF0403C16394F42
:20992000F050375F81F1E94FF0503C0F394FF060375F81F1E94FF0603C08394FF070375FF2
:2099400081F1E94FF0703C010090DA003E48DA013E4DDA02BE42DA03BE473C1DB94FF24019
:20996000375F05F2F94FF2403C16B94FF250375F05F2F94FF2503C0FB94FF260375F05F2FB
:20998000F94FF2603C08B94FF270375F05F2F94FF2703C010090DA003E48DA013E4DDA02D9
:2099A000BE42DA03BE473C1D394FF040375F81F2E94FF0403C16394FF050375F81F2E94FE8
:2099C000F0503C0F394FF060375F81F2E94FF0603C08394FF070375F81F2E94FF0703C0189
:2099E0000090DA003E48DA013E4DDA02BE42DA03BE473C1D394FC240375F04F0E94FC240AC
:209A00003C16394FC250375F04F0E94FC2503C0F394FC260375F04F0E94FC2603C08394FE1
:209A2000C270375F04F0E94FC2703C010090DA003E48DA013E4DDA02BE42DA03BE473C1D56
:209A4000394FC040375F81F0E94FC0403C16394FC050375F81F0E94FC0503C0F394FC06013
:209A6000375F81F0E94FC0603C08394FC070375F81F0E94FC0703C010090404F6D000F152F
:209A8000022802846D000B1439FF14029601E9FF140239FF18029601E9FF180202846D00C9
:209AA0002A153C0139FF14026F1FFE7F02846D00F61339FF1C029601E9FF1C0202846D00EF
:209AC0001A150090404C405F54F0481F3FF0048054F83C024818D4C2088F3920050137F0A1
:209AE0000102E9200501D4C2089F3920040137F00100E9200401D4C208AF3920050137F0B0
:209B000001F3E92F050154F440C46D006F0982093C38D4C2530921F010F409404C08530903
:209B200021F010F409414D08530028F01024530028F01022392F0641371F06F0E94F0641BB
:209B4000D4C2530921F010F409404C08530921F010F409415A08530028F01024530028F03A
:209B60001022392F0441371F01F2E94F0441530921F010F249250C0A40C46D00B803C21946
:209B800054FF3FF9C8FF82093C21D4C2530921F010F409404C18530921F010F409414D18B7
:209BA000530028F01024530028F01022392F0A41371F06F0E94F0A41530921F010F249250A
:209BC0000C1A40C46D002303C219481F3FF9DFFF82091D009D00D4C2536920F010F4094F6D
:209BE0004C28530F28F01022DA00592F2051536920F010F2092FCE28EE08536920F010F2B2
:209C0000092F5028DF1F3C80D4C2536920F010F409404C28DA0082110FF11010530028F0BF
:209C20001024530028F01022192F3441A61F594F3441D4C4536920F010F2092F4C28C22FB1
:209C4000370F68406DFFC4FC536920F010F409405028536920F010F4094FCE281421370FC0
:209C600068F037F108F0342F0C21370F83F12C210C2396022C230C2196042C21536920F0DF
:209C800010F2092FE628EE08536920F010F2092F6828DF1F3C80D4C2536920F010F4094087
:209CA0006428DA0682110FF11010530028F01024530028F01022192F3441A61F594F3441AA
:209CC000D4C4536920F010F2092F6428C26F370F68406DFF7DFC536920F010F409406828AD
:209CE000536920F010F4094FE6281421370F68F037F108F0342F0C21370F83F12C210C2375
:209D000096022C230C2196042C21C2193F8965FF0090404C405D54DF09D006093F0F04809B
:209D200054DF3C0309DF060982083C07D4C4370868406DFFE7FCC2183FF8FAFF54DFBF2FF4
:209D40000A80D4C20CD43920C00037F082F2E92FC00082083C24D4C437086840534820F063
:209D600010DF08D56DFF3FFED4C437086840534820F010DF08C56DFF5CFED4C43708684043
:209D80006DFF48FD534820F010DF08EF6E07D4C43708684082056DFF07FDC21854DF3FF852
:209DA000DCFF09DF0609BF2F0A80D4CF0CDA39F0C00037F001F1E9FFC00082083C6AD4C45E
:209DC00037086840538820F010DF09F55D086DFFBEFDD4C437086840538820F010DF09F5E1
:209DE0005C086DFFDAFDD4C437086840538820F010DF09F55E086DFF5EFDD4C437086840B9
:209E0000538820F010DF09F55F086DFF7AFD538820F010DF09FF60086E10D4CF370868F01E
:209E2000821019F1F000538F20F0C24F0FF01000A60159F1F0003C12D4CF37086800538830
:209E400020F010D2092F610819F1F000538020000F0F10F0A6F159F1F000D4CF3708680049
:209E600009FF20298221532020000F011010A61F89FF2029538820F010DF09FF62086E08D3
:209E8000D4C4370868403B0001506DFF8DFCC21809DF06093FF895FF09DFFE086E1AD4C418
:209EA00009D47C086DFF94FB09D0401809DFFE081421370F68F037F108F0342F0C21370F5E
:209EC00083F12C210C2396022C230C2196042C210090404C405DD4CF14D0081F370F81F277
:209EE0002CF1D4C409D441086DFF7DFBD4C2DA00142037F002F1342FD4C409D4CA086DFFCF
:209F0000B7FBD4CFDA0082005E1382113C028201082F371F01F22CF2DF10048082103C02EA
:209F20008200082F370F81F22CF2D4CFDA005E1382003C028210086F370F01F02CF6D4CFDE
:209F40000CD2081037F001F22CF1D4CFDA005E1382103C028200088F370F01F02CF8D4CFFF
:209F6000DA005E1382103C028200088F370F01F22CF8D4C440D5B0356DFF60FB0090530410
:209F800021F0104F09FFA4193C01DA008210370F01FC8200370F81FC8210370F01FF8210F1
:209FA000370F81FF6CF36D0087060090A00C530421F0104F09FFA4193C0108FF370FE1F35C
:209FC000BA0F3C016E14530421F0104F530421F01042092F2819C21F89FF2819530421F0ED
:209FE000104F09FFA4193C0154FF60FC6D00180740C23C010090A002534421F0104FC85F26
:20A000003C0108FFAE7354FF60F23C010090404C405FD4FDF4CD40D46DFF9FFA084F5E4C92
:20A02000482F6E09C82540C46D00E805C82540C46D0061053C18084F5E1C483F6E09C83503
:20A0400040C46D00B204C83540C46D00D8033C0B484F6E09C84540C46D005103C84540C458
:20A060006D002F02B9DF0A02B70F03F3F9DF0A02DA0059DF001240D46DFF01FDC5F20001A4
:20A080003B300200092110093C013C014C243C01A21F3F0FFDFF084FB9D00A0237F003F3D5
:20A0A000F9DF0A02084FDE1139DF001209F06048370F04F0E9DF001239DF011209F06148CA
:20A0C000370F04F0E9DF011239DF00019601E9DF0001C5F20001092010093C013C014C240E
:20A0E0003C01A20FBF4FFDFF82003C02C21039DF00011601BA0F3C01EE053B803EF03FF095
:20A10000F7FF49F5140A40C46DFFE5FE49F5200A40C46DFF00FE49F5241A40C46DFFD4FC08
:20A12000009049AA18BA404C405D40D46DFF33FA910000F8D9FF7C0049FF000A49A2000AD0
:20A14000C504081044FF642FFC4E3B0020F0E22F910000F7D9FF048410FFF81D3B0020F04B
:20A16000E22F910000F7D9FF048410FF49FF002AF8213B0020F0E22F910000F7D9FF048408
:20A1800010FF49FF004AF8253B0020F0E22F910000F7D9FF048410FF49FF006AF8293B00A0
:20A1A00020F0E22F910000F7D9FF040410FFF82D3B0020F0E22F910000F7D9FF040410FF0F
:20A1C00049FF002AF8313B0020F0E22F910000F7D9FF040410FF49FF004AF8353B0020F007
:20A1E000E2F2910000F7D9FF040401F200F649FF006AF83949AF000A49C2000AC50408105F
:20A2000044FF642FFC4EF4CD00904046095208091453530321F0106289231C18530321F054
:20A220001062095484098924A019530321F01062092FA0193C01530321F01062892FA41907
:20A2400082013C180950CC08E210422074F0DA006CF208FF96012CFF08FFB70F81F02CFFD8
:20A2600008FF96402CFF08FF96802CFF49FF100AC211DA083FF1E87F530321F010620922DC
:20A28000A0193C01530321F010648942A419D4620950CC08530328F01024530328F01022C0
:20A2A000B92F084186E0B7001406370F8CF1F94F0841530321F010620922A0193C01802048
:20A2C000D462530328F0102259201C41D46280F0530328F0102F59F02841D46F8270530342
:20A2E00028F010FF59F030410090095208091453534321F0104F28C3534321F0104F0952C8
:20A300008409E842534321F0104F095FCC08ACFE534321F0104FC84F3C01534321F0104247
:20A32000EC2582043C230950CC08E240422074F0DA006CF109F0C8080951CC0837100EF09F
:20A34000ACF4089FB70F02F32CF909FFCA08B70F0EF0ACF508BFB70F01F32CFB08BFB70F62
:20A3600081F32CFB49FF100AC214DA083FF4DD7F534321F0104FC84F3C01534321F0104246
:20A38000EC25534321F0104FC84F3C0180F0D44F530328F010FF59F01441D44F8270530339
:20A3A00028F010FF59F02C410090404D0B451088534921F010DFC85C3C0140CF49CE100A7E
:20A3C000534921F010D2092CDC084BC811A24BC811027612C21A09CFCC0837087000370FE4
:20A3E0000FF0ACC60CCEB70F01F12CCE0CCE96032CCE09CFCE08B70F83F3ACC70CCFB70FF5
:20A4000002F12CCF820D3C3A9AFAFED308FF96102CFF08BF96802CFB08FFB70F81F22CFF9D
:20A4200009FFC80837087000370F0EF0ACF43C1808FFB70F01F22CFF08FFB70F81F22CFF07
:20A4400008BFB70F81F32CFB09F0C808534921F010D2092FDC0837F00EF0ACF4A2C808FF2A
:20A4600096802CFF40D402946D004D04534921F010DFC85F3C0140FEC21D3FADC7FF0CCF89
:20A4800096202CCF534921F010DFE85CD4DF80E0530928F010FF59F0204140D402946D00D4
:20A4A000EE04534921F010DFE85E534921F010D2534921F010DF486FC21F6C260090404C57
:20A4C000405D8208820954DF6E1AD4DFD4C2D4C43940080208CF37F002F2E92F0802C814BB
:20A4E00008846D00D007C814088402856D00CF07C814088402956D00FC073C08D4CFD4C26E
:20A50000392F08029630E9FF08024CD16E1ACCD1D4C2D4C43940080208CF37F002F3E92F13
:20A520000802C81408846D00AE07C814088402856D00AD07C814088402956D00DA073C08E6
:20A54000D4CFD4C2392F080296C0E9FF0802CCD2D4C2D4C439400A0208CF37F002F2E92FAD
:20A560000A02C81408846D008E07C814088402856D008D07C814088402956D00BA07CCD3A9
:20A58000D4C2D4C43940080208CF37F002F1E92F0802C81408846D007607C81408840285B6
:20A5A0006D007507C814088402956D00A207CCD4D4C2D4C43940090208CF37F002F0E92F43
:20A5C0000902C81408846D005E07C814088402856D005D07C814088402956D008A074CD558
:20A5E0006E1ACCD5D4C2D4C43940090208CF37F002F1E92F0902C81408846D004407C81470
:20A60000088402856D004307C814088402956D0070073C08D4CFD4C2392F0902960CE9FF13
:20A620000902CCD6D4C2D4C43940090208CF37F002F2E92F0902C81408846D002407C814CA
:20A64000088402856D002307C814088402956D005007CCD7D4C2D4C43940090208CF37F03A
:20A6600002F3E92F0902C81408846D000C07C814088402856D000B07C814088402956D0000
:20A680003807CCD8D4C2D4C439400A0208CF37F002F0E92F0A02C81408846D00F406C81465
:20A6A000088402856D00F306C814088402956D002007CCD9D4C2D4C439400A0208CF37F038
:20A6C00002F1E92F0A02C81408846D00DC06C814088402856D00DB06C814088402956D0003
:20A6E000080709DF8419D4C2D4C43940080208CF37F002F0E92F08020090405CBC413B009F
:20A7000008808209CCCAC81408846D00BC06C814088408CF0F8FA0506D00B906C814088498
:20A7200002956D00E6064CCB6E12CCCBC81408846D00A906C814088408CF0F8FA0506D003D
:20A74000A606C814088402956D00D306CCCCC81408846D009806C814088408CF0F8FA05030
:20A760006D009506C814088402956D00C206CCCDC81408846D008706C814088408CF0F8FC5
:20A78000A0506D008406C814088402956D00B106CCCEC81408846D007606C814088408CF85
:20A7A0000F8FA0506D007306C814088402956D00A006CCCFC81408846D006506C8140884D0
:20A7C00008CF0F8FA0506D006206C814088402956D008F0609CF8019C81408846D0053069F
:20A7E000C814088408CF0F8FA0506D005006C814088402956D007D060090201082088239D5
:20A80000095C9809095DAC09095E9C09CC58F8030952A409F4A2CC5AF801CC5EF802CC5DE2
:20A82000D442D4453950080208CF37F002F0E92F0802D44FD442392008020CCC37F002F1B6
:20A84000E9FF0802D44FD442392009020CDC37F002F0E9FF0902D44FD442392009020CECE0
:20A8600037F002F2E9FF0902D442D44F39F00902D80308CF37F002F3E92F0902D442D44F33
:20A8800039F00A02D4AF08CF37F002F0E92F0A02D442D44F39F00A02D80108CF37F002F1B4
:20A8A000E92F0A0209C4840909C448086D00EB0509D4840909D448086D00E50509E4840938
:20A8C00009E448086D00DF05D803C81408846D00DA05D4AFC81408846D00D505D801C81474
:20A8E00008846D00D005D802C81408846D00CB0509C4840909C4480802856D00C80509D4F6
:20A90000840909D4480802856D00C10509E4840909E4480802856D00BA05D803C814088416
:20A9200002856D00B405D4AFC814088402856D00AE05D801C814088402856D00A805D8021C
:20A94000C814088402856D00A20509C4840909C4480802956D00CD0509D4840909D4480810
:20A9600002956D00C60509E4840909E4480802956D00BF05D803C814088402956D00B90584
:20A98000D4AFC814088402956D00B305D801C814088402956D00AD05D802C8140884029540
:20A9A0006D00A70500902018BC413B0008808239D45C095D940909528409F4A2CC52F80173
:20A9C000CC53F802CC54F803CC5CF804095EB409C81408846D00570509E4840909E4480813
:20A9E0006D00510509C4840909C448086D004B0509D4840909D448086D004505D4AFC814B3
:20AA000008846D004005D801C81408846D003B05D802C81408846D003605D803C8140884DD
:20AA20006D003105D804C814088408CF0F8FA0506D002D0509C4840909C448080CCC0F8F3E
:20AA4000A0506D00240509D4840909D448080CDC0F8FA0506D001B05D4AFC814088408CF14
:20AA60000F8FA0506D001305D801C814088408CF0F8FA0506D000B05D802C814088408CF87
:20AA80000F8FA0506D000305D803C814088408CF0F8FA0506D00FB04D804C81408840295C4
:20AAA0006D00270509C4840909C4480802956D00200509D4840909D4480802956D001905A4
:20AAC000D4AFC814088402956D001305D801C814088402956D000D05D802C814088402953F
:20AAE0006D000705D803C814088402956D000105009082088209D45F095C8409095D8809CF
:20AB0000095E8C0909529009D445D446396008020C2C37F002F0E95F0802D442D445395014
:20AB200008020CCC37F002F1E92F0802D442D4453950090208CF37F002F0E92F0902D4420B
:20AB4000D445395009020CDC37F002F2E92F0902D442D444394009020CEC37F002F3E92F44
:20AB60000902C81408846D008E0409C4840909C448086D00880409D4840909D448086D00EF
:20AB8000820409E4840909E448086D007C04C814088402856D007B0409C4840909C4480839
:20ABA00002856D00740409D4840909D4480802856D006D0409E4840909E4480802856D0082
:20ABC0006604C814088402956D00930409C4840909C4480802956D008C0409D4840909D4B6
:20ABE000480802956D00850409E4840909E4480802956D007E040090BC413B000880820960
:20AC0000CC56095CA009095D9409095E9C09C81408846D00380409C4840909C448086D0000
:20AC2000320409D4840909D448086D002C0409E4840909E448086D002604C814088408CF1D
:20AC40000F8FA0506D00230409C4840909C448080CCC0F8FA0506D001A0409D4840909D423
:20AC600048080CDC0F8FA0506D00110409E4840909E448080CEC0F8FA0506D000804C814FA
:20AC8000088402956D00350409C4840909C4480802956D002E0409D4840909D44808029510
:20ACA0006D00270409E4840909E4480802956D0020040090530421F0104F09FFA4195304AA
:20ACC00021F010420922A0194922301A7D2F0E80530421F0104F09FFA0193C01530421F011
:20ACE0001042892FA4193C0D530421F0104F530421F010420922A4194922100A89F2A4191E
:20AD00000090534421F0104FC852534421F0104FC84F49FF301A7DF20C80534421F0104FD0
:20AD2000C8423C01534421F0104FE8523C0B534421F01042534421F0104FC85F49FF100ABA
:20AD4000EC250090D44F14FF960134FFD44F530428F010F2530428F010FF39FF0841960128
:20AD6000E92F08410090D44F14FF960134FF82003C10D44F37006810530128F010F2530180
:20AD800028F010FF39FF08419601E92F0841C2103F40F1FF0090D44F14FF960234FFD44F1E
:20ADA000530428F010F2530428F010FF39FF04419601E92F04410090D44F14FF960234FFA2
:20ADC00082003C10D44F37006810530128F010F2530128F010FF39FF04419601E92F044179
:20ADE000C2103F40F1FF0090D44F14FFB70F81F034FF82003C11D44F37006810530128F0D5
:20AE000010F2530128F010FF39FF0441B70F01F0E92F0441C2103F40F0FF0090D44FDA084F
:20AE200082100FF01000530428F010FF19FF2051260F6E03DA013C03DA003C016E1ED44FE4
:20AE4000DA0782100FF01000530428F010FF19FF2051260F6E03DA013C03DA003C016E0B19
:20AE6000D44FDA0782100FF01000530428F010FF59F020516DFF68FF0090404C0248D4CF19
:20AE8000DA0182100FF01000530828F010FF19FF2051260F6E03DA013C03DA003C016E2BBB
:20AEA000D4CFDA0282100FF01000530828F010FF19FF2051260F6E03DA013C03DA003C0190
:20AEC0006E0BD4CFDA0282100FF01000530828F010FF59F02051D4C4820502846DFFC0F4D8
:20AEE0007626D4C4820502846DFF31F440C402846DFF53FF0090BC41DA003C061460345097
:20AF0000B016B015C21FBF6FFBFFDA003C0614703450B017B015C21FBF6FFBFF3B0010F0A9
:20AF20004BF411023450B0153B0010F04BF4110234510090404F6D00B20A022F02F46D0088
:20AF4000AE0991A0003030F3D933C04F1430B700010091A0003030F3D933C04F343002F4A6
:20AF60006D00C90A0090094F302953242000570F62F0EE0382023C076D0008004B0F61F128
:20AF80004BF251203C010090913000FF39FF3006370F64F2EE0382023C105E186D006F0455
:20AFA0007B0000F44BF241203C0882046D0036044B0F61F14BF251203C013C010090370474
:20AFC0006800DA084BF00102DA0203F10AF6370F68F0DF15068082220FF210203C04821258
:20AFE0000FF210203C010090404F024F0268820602F46DFFE6FF02201607061F82310FF123
:20B00000001040F2B0420213020249224008768749FF080A0213020249F240080090404F1E
:20B02000024F0268820602F46DFFCBFF02201607061F82310FF1001049F2100A021302020C
:20B0400049224008768749FF140A0213020249F240080090404F024F3B00016002F46DFFD0
:20B06000B0FF02201607061F8B0F0110DA030F1F00F002F3020249F240080090DA01744F6D
:20B080000090BC41DA024BF50102534020F053042100600F9140003F30F3D93FF0B810F285
:20B0A0003C010090804F53042800420F60FF3C0168550090804F53042800420F60FF3C0100
:20B0C00068350090804F53042800420F60FF3C0168450090804F53042800420F60FF3C0190
:20B0E00068250090804F53042800420F60FF3C01481F375F02F06CF10090804F53042800CE
:20B10000420F60FF3C014890DA006CF948BF375F02F06CFB68907663DA013C02DA0037F04A
:20B1200001F0767382103C028200370F81F06CF90090804F53042800420F60FF3C01DF1508
:20B14000048082103C028200481F370F81F56CF10090404C405F8218D4F2F4C2084F2CC481
:20B16000084F3B008000E20FD4F2102291F000303023D93D000889CD880909FF05082CC5C5
:20B1800049DE001A89CE8C0909FF53085E1709F40508821540E46DFF5FFF09F4050809F513
:20B1A000500840D46DFFC7FF09F40508086540D46DFF9AFF487F6E08C87409F4600809F585
:20B1C00061086D001D0109FF56081E1509FF5708DF1F278009F4050809F5580809F6560811
:20B1E00009F7570840D46DFF8AFFD4F4084409F505086DFF48FF09F0590809FFDA0814219C
:20B20000370F68F037F108F0342F0C21370F83F12C210C2396022C230C2196042C2109FFA7
:20B2200053085E1E09F40508482540D46DFF54FF09F40508483540D46DFF3EFF3C0D09F463
:20B240000508482540D46DFF3FFF09F40508483540D46DFF29FF09F405088215820640E43A
:20B260006DFFC4FE09F405088215820640E46DFFD8FE09FF54085E1509C48C096DFF00FF6D
:20B2800002823C010090F445DA002C44DA002C45DA146C42DA0A6C43DA01894F1008DA02B9
:20B2A0002C46DA00894F1108DA00894F1308DA01894F1408DA00894F1608DA00894F170814
:20B2C000DA02894F1808DA00894F1908DA00AC4DA00FEC47DA80894F2008DA00894F2108DD
:20B2E0000090404F024FC83409F40508821502F66DFF7CFEC83409F40508821502F66DFF62
:20B3000090FEC8346DFFBCFE0090594400C00090194F08C0370F78F04B0F41F1194004C079
:20B32000370078004B0041014B0F51F06D0006004BF241203C01009082046DFF16FE3C0115
:20B340000090404F0B54108840F46DFFE3FF4B8251007B00F8136B0131004B0071814B0884
:20B3600061116B0131007B00F0134B1001F0370F61F16E02C2186D009208022A02A46D00CC
:20B380008E07DA00BE90DA013E9EDA023E9CDA033E9ADA043E98DA053E96DA06BE91DA0757
:20B3A000BE9C3C28534920F010F2534920F010FF19FF0CC0378F18F0592F0CC03C1C53496C
:20B3C00020F010F2534920F010FF19FF0CC0378F18F0592F0CC03C0F534920F010F2534905
:20B3E00020F010FF19FF0CC0378F18F0592F0CC03C023C0102A46D007E080090404F02589B
:20B40000481F8FDF1F00481F1607534F2020082F0F2F0010DA0F0F2F002091A0012FD922AA
:20B42000E05F534020F01022542F82F0C620260F2621A61F742FC82408CF09F55008A64535
:20B4400002F46D002400C82408C402856D0051000090404F0248025F6D0041080229029427
:20B460006D00450749FF241A82100F8000000F8F10F0020302F249F2400802946D006208E5
:20B48000009082156DFFE7FF0090404F0B4510A849FC100A82404B0A01828F3A00F1538F77
:20B4A00020C09140002FD922800C7D2F15806D00F607022F02F46D00F20609F02019821129
:20B4C0000FA1101082F2C621261089F0201902F46D001108534820F010CFDAFF0FCF00F0AC
:20B4E0000FCB10B002F302B249F240080090404F0B4510886D00D307022A02A46D00CF0624
:20B5000049FF001ADA084BF801028F7800F1534F2040534020F010FFDA0F0F4F00F00F4966
:20B52000109002F3029249F2400802A46D00E3070090534420F0910000F8D9FFB01010FFFB
:20B5400054F1404CB04C913000FFD9FF00069130002F392F1B06370F62F3EE06BB00C2FB00
:20B560009BEFCBF43C1A9130002F392F1B06370F62F35E16BB0068F99B8FB9F43C0E9130A6
:20B58000002F392F1B06370F62F35E26BB0068F99B8FB9F43C02DA003C0109F059083700FB
:20B5A000E700C2104B0041014B0F410009FF5B081607C21F4B0F41F14BF051F07B802C040E
:20B5C0004B0151007B0000144B104100BB00A01B9BB1A5144B1F51F04BF041F0744F544FAB
:20B5E0007B0020047B00F0136B0F61416D00A10CB4C200908208913000FF39FF3406370FF0
:20B6000062F282103E048220BE053C1A82146D000501913000FF39FF3406160F6E0A9130AE
:20B6200000FF39FF3406160F4B0F41F14BF251803C08BB0068899B88B9843C013C023C01D2
:20B6400002823C010090913000FFD9FF00069130002F392F1B06370F62F3EE06BB00C2FB7B
:20B660009BEFCBF43C1A9130002F392F1B06370F62F35E16BB0068F99B8FB9F43C0E9130A5
:20B68000002F392F1B06370F62F35E26BB0068F99B8FB9F43C02DA003C0109F069083700EA
:20B6A000E700C2104B0041014B0F411009FF6B081607921009FF6C081607C21FE2F04B00C8
:20B6C00041F14BF151203C010090913000FFD9FF00069130002F392F1B06370F62F3EE0618
:20B6E000BB00C2FB9BEFCBF43C1A9130002F392F1B06370F62F35E16BB0068F99B8FB9F4B8
:20B700003C0E9130002F392F1B06370F62F35E26BB0068F99B8FB9F43C02DA003C0109F006
:20B7200068086F001F8009F069083700E700C2104B0041014B0F411009FF6B0816079210BF
:20B7400009FF6D081607C21FE2F04B0041F1BBD0CC0C9BC0FC034B0F41F04BF151203C19D5
:20B7600009F069083700E700C2104B0041014B0F411009FF6B081607921009FF6D08160763
:20B78000C21FE2F0532020F04B0F41F14BF151203C010090913000FFD9FF00069130002FDF
:20B7A000392F1B06370F62F3EE06BB00C2FB9BEFCBF43C1A9130002F392F1B06370F62F346
:20B7C0005E16BB0068F99B8FB9F43C0E9130002F392F1B06370F62F35E26BB0068F99B8FDA
:20B7E000B9F43C02DA003C0109F059083700E700C2104B0041014B0F411009FF5C0816073C
:20B80000921009FF5B081607C21FE2F04B0041F14BF151203C010090913000FF39FF330623
:20B82000370F62F282003E0482103E083C23BB00C22B9BE2CB243C013C1FDA003E46DA018E
:20B840003E47DA02BE413C136DFFA6FF3C126DFFFCFE913000FF39FF3406AE757B0000F4B0
:20B860004BF251203C066DFF32FF3C0382023C013C0382023C013C01009082046DFFCEFFAF
:20B88000913000FF39FF3106370F6302DA003E0EDA015F0F2400DA025F0F2600DA035F0F80
:20B8A0002800DA045F0F2A003C2D913000FF39FF3206160F6E07913000FF39FF3206160F62
:20B8C0005E1382023C0A913000FF39FF3206160F4B0F41F14BF251203C177B001FF44BF280
:20B8E00051203C127B0027F44BF251203C0D7B002FF44BF251203C087B0037F44BF2512018
:20B900003C0382023C013C010090404F82029130002FD92228A6542F370F6EF18FFF831144
:20B920003C019130002F192F28A66F1F12008F2120F096019130002F192028A63700700827
:20B940008F002100A60F9130002F592F28A68F2120F096029130002F192028A6370070083E
:20B960008F002100A60F9130002F592F28A63C019130002F192F28A61601DF1FFB7F3B000F
:20B9800000013C05C2F04E0382123C089130002F392F3306370FE1F3EEF69130002F192FC3
:20B9A00030068200370F02FE8210370F01FF9130002F592F30063B0000013C05C2F04E0383
:20B9C00082123C089130002F392F3306370FE1F3EEF6DABC9130002F592FB4069130002F48
:20B9E000192FA0563B20FE0F260F9130002F592FA0569130002F192FA4563B20FE0F260F2F
:20BA00009130002F592FA4569130002F192FA8563B20FE0F260F9130002F592FA856DA0091
:20BA20009130002F592FB4069130002F392F1A06B70F01F09130002FE92F1A069130002F8D
:20BA4000392F2A06B70F01F09130002FE92F2A063B0000F33C05C2FF4EF382123C0D913050
:20BA6000002F392014066F10F87F9130002F392024066F10F27F084F1E13084FDE28913025
:20BA8000002F192F10068200370F82F254F03B90D03306634B3011428B141F003700680037
:20BAA000370F05F89130002F592F10069130002F19201806086F37F0030C087F37F0870488
:20BAC000084F37F0020F9130002F592018069130002F1920280608EF37F0010008AF37F0FC
:20BAE000030C08BF37F087049130002F592028069130002F392F1A0696019130002FE92F10
:20BB00001A069130002F392F2A0696019130002FE92F2A063B0000F33C05C2FF4EF38212A9
:20BB20003C119130002F392014063700E100DF10F67F9130002F392024063700E100DF105F
:20BB4000EE7F3B0000063C05C2F04E0382123C169130002F392F1406370FE1F26EF691305D
:20BB6000002F392F2406370FE1F26EEF9130002F392F2406370F61F26EE89130002F3920D4
:20BB80001C06088F37F003F09130002FE92F1C069130002F19202C0608CF37F0030008DF65
:20BBA00037F003049130002F59202C063B0000063C05C2F04E0382123C169130002F392FF9
:20BBC0001406370FE1F26EF69130002F392F2406370FE1F26EEF9130002F392F2406370F0E
:20BBE00061F26EE83BF0490206503C05C2F04E0382123C0C9130002F392F1006AE179130BC
:20BC0000002F392F11066F0FF37F9130002F392F1A0696049130002FE92F1A069130002F5C
:20BC2000392F2A0696049130002FE92F2A063B0000F33C05C2FF4EF382123C0D9130002F5C
:20BC4000392014066F20F87F9130002F392024066F20F27FDABC9130002F592FB406DA0551
:20BC60009130002F592FA006DA1D9130002F592FA076DA009130002F592FB4069130002F25
:20BC800019203006DA0137F0020EDA0137F0010F3B0000313C05C2F34E3382123C08913095
:20BCA000002F392F3306370FE1F3EEF69130002F592030063B0000013C05C2F04E03821203
:20BCC0003C089130002F392F3306370FE1F3EEF69130002F192F28A66F1F12008F2120F02B
:20BCE00096019130002F192028A6370070088F002100A60F9130002F592F28A686218F31F5
:20BD000040F19130002F192028A6370070088F002100A60F9130002F592F28A63C019130A3
:20BD2000002F192F28A66F0FFC7F022F3C01EE0509F498196D008502DF0FCF8149F21C0A23
:20BD400082029130004FD94428A6544F370F6EF18FFF83113C019130004F194F28A66F1FE9
:20BD600012008F2120F096019130004F194028A6370070088F002100A60F9130004F594F57
:20BD800028A68F2120F096029130004F194028A6370070088F002100A60F9130004F594F7A
:20BDA00028A63C019130004F194F28A61601DF1FFB7F9130004F19403006488F82F3C63FB3
:20BDC00026F0488F5423263FA6F03B0000313C05C2F34E3382123C089130002F392F3306B8
:20BDE000370FE1F3EEF69130002F592030063B0000013C05C2F04E0382123C089130002F5E
:20BE0000392F3306370FE1F3EEF69130002F19203406370062F2EE07370062FAEE043700E4
:20BE200062FE6E369130002F1920340648AF82F3C63F26F048AF4893263FA6F0DA0037F046
:20BE40000202DA0037F0020ADA0037F0020E3B0000313C05C2F34E3382123C089130002F15
:20BE6000392F3706370FE1F3EEF69130002F592034063B0000013C05C2F04E0382123C0824
:20BE80009130002F392F3706370FE1F3EEF69130002F1920340648AF82F3C63F26F048AF2E
:20BEA0004893263FA6F03B0000313C05C2F34E3382123C089130002F392F3706370FE1F342
:20BEC000EEF69130002F592034063B0000013C05C2F04E0382123C089130002F392F3706EE
:20BEE000370FE1F3EEF69130002F192F0016370F62F66E309130002F1920001648CF82F3EF
:20BF0000C63F26F048CF48B3263FA6F0DA0037F002063B0000313C05C2F34E3382123C0835
:20BF20009130002F392F0316370FE1F3EEF69130002F592000163B0000013C05C2F04E0393
:20BF400082123C089130002F392F0316370FE1F3EEF69130002F1920001648CF82F3C63FCA
:20BF600026F048CF48B3263FA6F03B0000313C05C2F34E3382123C089130002F392F031672
:20BF8000370FE1F3EEF69130002F592000163B0000013C05C2F04E0382123C089130002FDC
:20BFA000392F0316370FE1F3EEF69130002F19200C1648EF82F3C63F26F048EF48D3263F39
:20BFC000A6F0DA0137F0010F3B0000313C05C2F34E3382123C089130002F392F0F16370F3B
:20BFE000E1F3EEF69130002F59200C163B0000013C05C2F04E0382123C089130002F392F4E
:20C000000F16370FE1F3EEF69130002F1920002609FF001982F3C63F26F009F3001948FFA1
:20C0200026F3A6309130002F592000269130002F192F042609F0081982F3C630260F09F06D
:20C04000081909F304192630A60F9130002F592F04269130002F192F082609F0101982F3FC
:20C06000C630260F09F0101909F30C192630A60F9130002F592F08269130002F192F28A69B
:20C080006F1F12008F2120F096019130002F192028A6370070088F002100A60F9130002FAE
:20C0A000592F28A686218F3140F19130002F192028A6370070088F002100A60F9130002F97
:20C0C000592F28A63C019130002F192F28A66F0FFC7F022F3C01DF0FB18049FC140A820854
:20C0E0009130002FD92228A6542F370F6EF18FFF83A13C0182091D009C009130002F192FF4
:20C1000028A66F1F12008F2A20F096019130002F192028A6370070088F002100A60F913085
:20C12000002F592F28A68F2A20F096029130002F192028A6370070088F002100A60F91304D
:20C14000002F592F28A63C019130002F192F28A61601DF1FFB7F3B0000063C05C2F04E0303
:20C1600082183C089130002F392F1406370FE1F26EF69130002F39201C06536920F0C86291
:20C180001022142F37F003F09130002FE92F1C069130002F192F28A66F1F12008F2A20F077
:20C1A00096019130002F192028A6370070088F002100A60F9130002F592F28A68F2A20F0CE
:20C1C00096039130002F192028A6370070088F002100A60F9130002F592F28A63C01913077
:20C1E000002F192F28A66F0FFC7F536920F0C8621022092B020982046DFF10FB9130002FAD
:20C20000392F3006160F4B0F41F14BF251F03C014BBF41F04B0F71F185F110013C0185F0E4
:20C220001001A2103FF0FDFFC2193709689014CF3FF965FF028F3C0102F23C0100902008C7
:20C24000144F09444108DF1F298049A4000A6DFF72F96D004401022F02F46D004800913021
:20C2600000FF19F1200609A0C408BB00402FA62037011010913000FF59F12006913000FFE2
:20C2800019F01806821137100101913000FF59F0180602F46D00560100904DC0E1FF160720
:20C2A0003C0153CF20F060FF9130003F30F3D93F0C9654FF2E1B8F2420F0960154F0370062
:20C2C00070088F002100A60F74FF86248F2440F154F0370070088F002100A60F74FF3C0178
:20C2E00054FF1601DF1FFE7F0090913000FF19FF28A66F1F12008F2420F09601913000FF69
:20C3000019F028A6370070088F002100A60F913000FF59FF28A686248F2440F1913000FFFE
:20C3200019F028A6370070088F002100A60F913000FF59FF28A63C01913000FF19FF28A649
:20C340001601DF1FFB7F00904DC0E1FF16073C01913000FFD9FF0C9653CF20F010FF54FFA9
:20C360002E1B8F2420F0960154F0370070088F002100A60F74FF8F2420F0960254F0370079
:20C3800070088F002100A60F74FF3C0154FF1601DF1FFE7F084F96082CF454FF2E1B8F24C7
:20C3A00020F0960154F0370070088F002100A60F74FF86248F3440F154F0370070088F00EB
:20C3C0002100A60F74FF3C0154FF6F0FFF7F0090913000FF19FF28A66F1F12008F2420F0EF
:20C3E0009601913000FF19F028A6370070088F002100A60F913000FF59FF28A68F2420F052
:20C400009602913000FF19F028A6370070088F002100A60F913000FF59FF28A63C019130F5
:20C4200000FF19FF28A61601DF1FFB7F913000FF39FF2CA69608913000FFE9FF2CA69130E5
:20C4400000FF19FF28A66F1F12008F2420F09601913000FF19F028A6370070088F00210007
:20C46000A60F913000FF59FF28A686248F3440F1913000FF19F028A6370070088F0021008D
:20C48000A60F913000FF59FF28A63C01913000FF19FF28A66F0FFC7F00904DC0E1FF16078B
:20C4A0003C0153CF20F060FF9130003F30F3D93F0C9654FF370F6EF18FFF83213C013C012D
:20C4C0000090913000FFD9FF000619FF1CA0370F6EF18FFF83213C010090913000FFD9FF1E
:20C4E00028A654FF370F6EF18FFF83213C013C0100904DC0E1FF16073C0153CF20F060FF62
:20C500009130003F30F3D93F0C9654FF2E1B8F2420F0960154F0370070088F002100A60FF0
:20C5200074FF86248F3440F154F0370070088F002100A60F74FF3C0154FF6F0FFF7F009003
:20C54000913000FF19FF28A66F1F12008F2420F09601913000FF19F028A6370070088F0066
:20C560002100A60F913000FF59FF28A686248F3440F1913000FF19F028A6370070088F008C
:20C580002100A60F913000FF59FF28A63C01913000FF19FF28A66F0FFC7F0090F647094FDE
:20C5A00040189601894F00183C08DF140780094F40189604894F00180090F647094F7C08FB
:20C5C0009601894F3C083C08DF140780094F7C089610894F3C08009082F282003C175380A0
:20C5E00020F0910000F8D9FF844010FFD4FF7D4F0D80538020F0910000F8D9FF844010FFB4
:20C60000481F370F48203C04C210BF30EAFF3C010090404C405F09C0380909C13C0914FFF7
:20C62000EE0C083F37F00500082F37F00504081F37F1011182183C0F14FF5E1C083F37F0E5
:20C640000508082F37F0050C081F37F1011382183C02820889C13C0989C0380940C46DFF10
:20C66000BDFF09FFC8086E26081FEE099140002FD92200C8538220F010223C099140002F55
:20C68000D92200C8538220F01022B04208A009FFC8081421370F68F037F108F0342F0C21CB
:20C6A000370F83F12C210C2396022C230C2196042C2108264CC4820102F009C32C09820211
:20C6C0000F20A0400F31A0503C016DFF19D03C0114FF534F20F010C28922300914F440C4C5
:20C6E0006DFF5EFF14F440C46DFF69FF08264CC4820102F009C32C0982020F20A0400F310A
:20C70000A0503C016DFFFCCF3C0114FF534F20F010C2481F42F28922300902823C01009011
:20C72000DA00344FDA002C42DA1F2C43DA002C4182FF6C41DA00AC44DA002C4A009091003C
:20C740000048D94458D082129130002F192F34A6370F6EF18FFF83313C019150022F392F08
:20C760002C081601DF1F7080094584093C648F2320F07BC0FF0FA60F9130002F592F34A6F3
:20C780003C019130002F192F34A6370FE1F0DF1FFA7FCC513C0DD4F25420482F82F1C61F4D
:20C7A00026F0481FA6F0D4F2742049FF0C0A80F0145F53CF20104C5142F13F10EEFF91508C
:20C7C000022F392F0B4896409150022FE92F0B488F2320F07BC0FF0FA60F96029130002FD2
:20C7E000592F34A63C01913000FF19FF34A66F1FFC7F3B0010F0C2FF4EF382023C099150F8
:20C8000002FF39F00B4837006103DF10F67F4C52BB00520C9BB0BF044B0F41F04B0F71F190
:20C8200085F110013C0185F01001A2103FF0FDFF49550C0A8050144F53CF20104C4142F1D8
:20C840003F1097FF022F3C01EE0200A0DC0B009091000028D92260D08210915002FF39FFEE
:20C860002C081601DE1C82023C0DCC2153C220F010FFD4F45441482F26F1481F3E12820061
:20C88000C212142F3FF2F37FDF100A80915002FF39FF2E08370FE1F21E1282003C01F60215
:20C8A00000A0DC0B0090544F2E1B8F2400F096015440370070088F000100A60F744F0624C6
:20C8C0008F2440F15440370070088F000100A60F744F544F0090913000FF19FF28A66F1FC2
:20C8E00012008F2400F09601913000FF19F028A6370070088F000100A60F913000FF59FF49
:20C9000028A606248F2440F1913000FF19F028A6370070088F000100A60F913000FF59FF98
:20C9200028A6913000FF19FF28A6009002484DC0E1FF16078B5F20F33C0153CF20F060FFD4
:20C940009130003F30F3D93F0C9640F402846DFFACFF084F96082CF440F402846D004700A6
:20C960000090024802846DFFB8FF913000FF39FF2CA69608913000FFE9FF2CA602846D005F
:20C980004E0000906D00EB026D009A2F009002484DC0E1FF16078B5F20F33C0153CF20F0D9
:20C9A00060FF9130003F30F3D93F0C9640F402846DFF7BFF084FB70F81F12CF440F4028432
:20C9C0006D0015000090024F02F46DFF86FF913000FF39F02CA6B7008101913000FFE9F080
:20C9E0002CA602F46D001B000090544F2E1B8F2400F096015440370070088F000100A60FA9
:20CA0000744F06248F3440F15440370070088F000100A60F744F544F0090913000FF19FFDF
:20CA200028A66F1F12008F2400F09601913000FF19F028A6370070088F000100A60F913002
:20CA400000FF59FF28A606248F3440F1913000FF19F028A6370070088F000100A60F913047
:20CA600000FF59FF28A6913000FF19FF28A60090913000FFD9FF0C9654FF370F6EF18FFF9B
:20CA800083813C01913000FFD9FF28A654FF370F6EF18FFF83913C01913000FFD9FF0C96DE
:20CAA00054FF2E1B8F2800F0960154F0370070088F000100A60F74FF8F2800F0960254F06E
:20CAC000370070088F000100A60F74FF54FFDA00B70F81F0CDCF20090D00C0040D00C00424
:20CAE000DA00B70F81F0CD0F04090D00C0040D00C00491000000D900000091000080D988BE
:20CB0000000091000090D9990000910000F8D9FF004080FFCD4FE20F0D00C004910003F8F8
:20CB2000D9FF000E80FFCD0FE20F0D00C004914000F7D9FF80C980FFCD8FE20F0D00C0046C
:20CB4000913000FFD9FF0C9654FF2E1B8F2800F0960154F0370070088F000100A60F74FF16
:20CB60008F2800F0960354F0370070088F000100A60F74FF54FF9130004FD9440C96028422
:20CB80006DFFD6FE02946DFFEEFE6D002A016DFFFBFE6D00260102946DFF17FF9130004FAE
:20CBA000D9440C9602846DFFF4FE911000F8D9FFA842DC0F3C00009091000010D911000035
:20CBC0003B0098F0CD4FE00F0D00C004913000FF19FF10167BD0380126F07603DA003C246B
:20CBE0008FBF0F01BF10138016FB913000FF19F018160F0FB0F18BFF01F1061F570062FF55
:20CC00005E23DA013C02DA003C0FEF4F0400DA013C0B911088FF19FF000D370FE2F06E031B
:20CC2000DA013C02DA003C011E17911000F8D9FFC21CDC0F3C06911000F8D9FFE61CDC0FB5
:20CC40000090911000F8D9FF7ECC2D0F2000911000F8D9FF901C2D0F2000911000F8D9FF43
:20CC6000EA3CDC0F0090914000A7D9AA40890D008004914000F7D9FFC00991400027D92262
:20CC8000C00B40F4802080FFA2F0DA404BF0114282003C1E804FB70F1CF08F4F1F10804FE3
:20CCA000BBF0FF2F0662262F06AFA6F1F606CD81E30F0D00C0043C0274F19AD47E05CDC163
:20CCC000E30F0D00C004404F4944001AC2103F40E3FFDA0074FF0D0080040D00C0049110D8
:20CCE00000F8D9FFC67CDC0F0090914000A7D9AA40890D008004914000F7D9FFC009914018
:20CD00000027D922C00B40F4802080FFA2F0DA404BF0114282003C1E804FB70F1CF08F4F3E
:20CD20001F10804FBBF0FF2F0662262F06AFA6F1F606CD81E30F0D00C0043C0274F19AD4F5
:20CD40007E05CDC1E30F0D00C004404F4944001AC2103F40E3FFDA0074FF0D0080040D00AB
:20CD6000C004911000F8D9FFEE5CDC0F0090913000FFD9FF0C9654FF370F6EF18FFF834135
:20CD80003C01913000FFD9FF28A654FF370F6EF18FFF83F13C019130004FD9440C966DFF7E
:20CDA00026FE02F46DFF3BFE91000048D94488206DFFADF5DF12038000A0911000F8D9FF83
:20CDC000C67CDC0F0090911000F8D9FFD27CDC0F0090911000F8D9FFB09CDC0F0090009094
:20CDE000914000FF39F0178ADA1037F085F1914000FFE9FF178A914000FF39F0168ADA1036
:20CE000037F085F1914000FFE9FF168A6D004A1C82046D00271C82046D00341C00900D0034
:20CE200000036DFF3CFB02246DFF90FA6DFF57FB02246DFFCFFA6D00030000906DFFF7CFE5
:20CE40006DFF91CD6D0014006DFFCCFF6D00A8096D006D1B6D00A519821482056D00330A4B
:20CE60008214823582266D002D0C0090914000FF39F0D24ADA1037F085F1914000FFE9FF33
:20CE8000D24A914000FF39FFD14AB72F85F1914000FFE9FFD14A914000FF39F0D3CADA10A4
:20CEA00037F085F1914000FFE9FFD3CA914000FF39FFD2CAB72F85F1914000FFE9FFD2CA2C
:20CEC000914000FF39F0978ADA1037F085F1914000FFE9FF978A914000FF39F0188ADA1053
:20CEE00037F085F1914000FFE9FF188A00908F841EF08F0F0801B70408FC3704E81BB71F10
:20CF0000812BDA7F7FF1048082020090DA967F1F048082023C068B6109F1325F0FF2002014
:20CF20003702482076043252370248200090B70408FC3704E80BB71F811BDA7F3FF00580B5
:20CF4000DA967F0F0480820200908B6009F1325F0FF1001037017020009091200048D94447
:20CF6000E0AE1D0002008208404F8209820A820BC81CC82D483C09FF1001DF1F238080CFE1
:20CF8000160180D08F100001FE046E04C2FC04DF24CF76CF8F3C00018FEC1FF06E0902F17D
:20CFA00040D2C2F16014442164C1FC4E90DD020CDF0CE07FC2FC60C204DF24CFFC2E3CD9AA
:20CFC000DE2580CF2E03C2FC24C9DF0CD37F8F3C00F106EC76C5C2FC60C264CAFC2F6EC98D
:20CFE000C2FF60F224CBFC2F3CC48F0F1F00DF002E008F3F0001DF102B8080CF8F3F00D1E3
:20D0000080DF1603FEDB76DB02D440C440D56D00EF0601CD00C601DD00D6A2DC76CF8F3C47
:20D0200000018FEC1FF06E0902F140D2C2F16014442164C1FC4E90DD020CDF0C9B7F02C4A8
:20D0400040C440D56D00D4063C9400901603DF2F91FF80CF16036E0702F440C46D00B1065E
:20D0600010CCA2FCDF0C867F8F3C004106EC76C5C2FC60C264C8FC2FDF047C7F40C46D0087
:20D08000A0061DFF77FF0090205089A4380989A62C0989A73409DA01A00F820909AA101928
:20D0A000780C89A9081989A9280902A089A90019B70089FBF80678113700E8FB7808025893
:20D0C000404C029D405D8BFF0FC27B00F8B376C658116E04029C09AD30095808BA0F7813AF
:20D0E000F68A3B700600580B3E043B7004007E0382183C23580D6F5F21803B100600580BA9
:20D100003E043B100400FE095811EE0382083C1582788F3F000082013C06C2F88FC31F107A
:20D120007723000E0B011028FBF0000026202631BA008B0100F4EEF2DA00780F02A46D00ED
:20D1400014087625DA2D780F67AABFAFEE0E580D8F8F0101DA087E03DA2B3C068B00010252
:20D16000580FAB0FA2F0780F09A00019AA1089A00019DF0D1600580B910000F8D9FFBC50E5
:20D1800010FF081F2E37910000F8D9FF2000F8063C1B910000F8D9FF2400F8063C15DF0C5F
:20D1A0001D00580B910000F8D9FFBC5010FF081F2E36910000F8D9FF28003C05910000F895
:20D1C000D9FF2C00F8065810BB90FF0F9239580D260F780D1D008C013B100600580B3E0501
:20D1E0003B1004005F0F27805808AB1F18FF780858109230F683580D2E22C21042805808BE
:20D200003BC0F91FC2207FF106003B4006103F1F0400DA033C0A3B60FF1F7FF106003BA083
:20D2200000103F1F0400DA02780C580C12091D005F01580849AF0A0A6E7549A4140A02A420
:20D240006D00143309AC1409022A370CE8FB82006E55BBF028EC49AE130A7B0012D49B5E84
:20D26000CFE33C3F49A20A0A7D2E0C8049AF120A49AE130AA07209F03FF489E03FF4FC2C21
:20D28000BBD0CC0C58059BC0DC0349A4140A4B0F41406D00EB3289A20609DF0914806B0EF5
:20D2A00021F24BDB41B04BDF41406DFF22FE762A4BBC514049A4140A82196D00D73289A28E
:20D2C000060909AF06096B0E21FF4BDF41406DFF10FE8B0203F089EF3FF4580AC21F780ACA
:20D2E0005805370FE8FBEEBF3C0304EF24FF49A2130A012E20F4EEFA3C154B0A01F06F2F3E
:20D3000012007B0012043C064B0A41A0580AC2FF780A4B0A41F089AF06094BBF01F06F0F07
:20D32000F5FF3B600610580B028082093E143B6004107E13580A12803B500610580B3E14FC
:20D340003B5004107E12C210CE03DA003C038B7000F310A2492E0A0A3C117B0012F449A4FC
:20D36000060A4BFA41406D008132022A09A406096DFFBFFD8B0203F024FF01FE20F4EE06FD
:20D3800049A2130A012F20F4EEE909EF000840EFC25F3C0A49AF0A0A01EF30F4EE0740EF90
:20D3A00009EF3FF4C21F34EF3C08DA3134EF49EF010A580AC21F780A09E00008DA393F0F72
:20D3C000EB7F89F93FF049A20A0A012F20F4EE0609F00008DA305F0FF67F3B500600580B19
:20D3E000BE013B5004003E0E3B6006005F0F3C003B6004005F0F3800580A3FF80400FFDF88
:20D40000330058103B50062049AF0A0A9210580B09A10A083E243B5004207E2C761349AFB7
:20D420000B0A14FFEE04580DAE227682C21042803C17028276158BF81F2049AF0B0A14FFCD
:20D44000EE03580D2E22C21082013C0814FFEE03580D2E23C210B01FC2113F21F97F8B40BC
:20D4600000903C453B600600580B3E043B6004007E0F09A02809FA10AB10A09F581042F9A8
:20D48000F684580D6F2F34001A8992193C300280580A49AF0A0A4EF4581092193C0D09A1E9
:20D4A000280958101219021F14F17612B01FABF01F00C2FFEEFA14FF6E02F604580D6F2F48
:20D4C0001700580AC219325F3C04C2FFC219C2F07607FF1FFC7F3C04C219B01FC2F07603AE
:20D4E00014FFEEFB580D16042B09009F580F6E0D580D16036E0A61FFC0C909A43C0940C427
:20D500006D004404DA00780FD806BD0F1A803B100600580B3E043B100400FE02580D1603EE
:20D520006E0F54DFC22F61FF95C96D002F04580B40C48B7F01406D002904DA017812580DD6
:20D540006F0F1680580EA29F3C0F61FF96C9580D40C416028B0F20F2864F8B0F02406D00BB
:20D560001504580EC2FF780EFF1FF17F580F6E0861FF83C909A43C0940C46D000704D80682
:20D58000BCFA40F440C56D00100454DFC23F74DF1D008A013B100600580B3E053B100400A6
:20D5A0005F0F9F808F28200058138B7001018B1F03A1BF1022008201DA177FF008008212E1
:20D5C00058110F021020262F6E02821182F2C2F00F0200F0C6F2F6145811262F6E045811C7
:20D5E000A62F78115811C21F7811EF7F0600DA0078113B2003A05812EE0D54DFC22F61FF3C
:20D6000029C96D00C303580B40C48B7F01406D00BD0361FF32C902A440C46D00B703F68361
:20D62000580D2E2561FF23C96D00B00358113B8001B054D08F1F00A0428074D03C183B00EA
:20D640000340DF0B1100C2CB02B032500F0A00F0160F8B0F0340DA397F4F0600580B8B6F7C
:20D660001CF042F440C46D009103C2F8FF18E97F580B40C48BFF00406D0088035808CEF6DD
:20D680003BD00240325F78083C033BB0024040C46D007C03580C54D0C22F42F0580C82013E
:20D6A00010AF34F13BA00010580CC2FF370F68F0780C10AF58084B1F01228B0303F034FFF4
:20D6C00009A220094B12012289A26009DF02EEFF74D040A440C56D0068031D00E5003B5002
:20D6E000060049AF0A0ABE013B5004003E0E3B6006005F0F78003B6004005F0F7400580A14
:20D700003FF80400FFDF6F0009A00A08580AAB1F20A076093B700610580B3E143B70041026
:20D720007E12C2F861FFA9C876063700684049AF0B0A3C033B00034040C46D00270314FFFB
:20D74000EE0B580DAE29768C3B500600580B3E043B5004007E0561FF8AC86D001703820B84
:20D760003C1A09F00008F60A580DAE283B500610580B3E143B5004107E1D61FF7EC8760566
:20D7800037006840B01F3C033B00034040C46D00FD02C21B3F8BE77F61FF6FC8580B40C4A3
:20D7A0008FDF0F416D00F202C2FA54DFC21F0EA43BB002403C04325A3BD0024074DF40C42B
:20D7C0006D00E40261FF4BC88B00034040C46D00DD0261FF44C88B01034040C46D00D602E1
:20D7E0003C6209AA28094EA854DFC21F61FF32C86D00CC023C1954D0C21074D014F47643B8
:20D80000B01F3C033B00034040C46D00BF023B600600580B3E063B6004003E03ABF81F88D8
:20D82000C2FAFF1AEA7F3B600600580B3E063B6004003E0314FF6E02F684580D6F2F34004E
:20D8400061FF1BC8580A3BE00240325F3C0854D03B000340C21074D0C2FFC2F840C46D004D
:20D860009502768BFF1FF57F3C0861FF06C804F440C46D008B02C2F8768314FFEEF73B60D0
:20D880000600580B3E0E3B6004003E0B580D2E2B3C0854DFC21F61FFDDC76D007702C2F831
:20D8A000DF08F9FF580EA29F3C0A54D03B00024040C4C21074D06D006902C2FFFF1FF77FB4
:20D8C00000902010404C405D89A68C09DA00780209D40008DF045002DA257E4409D001048E
:20D8E0007E08B01D49A5080A40C46D0048023CF1820A0BAA108809DF01003BD002007E049C
:20D900008F1A40A13CF93BB002007E07BBF0FE0F26A08F8040A13CF03B0002007E066F3AD2
:20D92000ECFF8F0A41A13CE83B0003007E048F2A40A13CE23B3002007E048F4A40A13CDC24
:20D940003BA00200FE03D803B04FF80309F83CF9CE848F1A40A1325809DF01003C0D13A88B
:20D9600020FF8B0F1D8009DF01008B0F1D0037006800BFA0F6FF3BE002005F0F23808F0AF7
:20D9800042A109DF01003BA00200FE05D803B04FF80309F93CF9CE968F1A40F1BBF0FDAF3A
:20D9A00026FA09DF01003C0D13A920FF8B0F1D9009DF01008B0F1D0037006800BFA0F6FF60
:20D9C0003BC006007E048F0A48A13C1E3B8006007E048F0A44A13C183BC004007E048F0AB9
:20D9E00050A13C123BA006007E04B71A81A43C0C3BA007007E04B71A01A53C063B400700A8
:20DA0000FE01B71A81A53BC006003E043B8006007E0709D000087E04B71A01A6B01D09DFF7
:20DA200001003B3006005F0F2F808F1A00F1EE0E3C093B00024049A5080A40C46D009F01EE
:20DA4000C2F87F890400FF28F67FD80340C449A5080AB04FF80309F03CF9370048406D0031
:20DA60008E01DF0F377F3C093B00024049A5080A40C46D008401C2F87F892C7FFF28F67FB2
:20DA80001DFF28FF3B400600BE013B9006003E0E3BF006003E0B3B8007003E083B800500A4
:20DAA0003E053B5007005F0F598082023B4006003E043B9006007E0282123B0008010F0AC1
:20DAC00080105F0104006F9A05003B8000003C0282403B8000105F100980D80349FF080A91
:20DAE000F80309F078F93C15D803B04FF80309F03CF90B0000080B0110483B0004010F0A9D
:20DB000080105F010D807628370448000B0000080B0110483C13370468403C0F3B00040034
:20DB20005F010B807626370450000B0000483C06370470403C02F62282056F5A0600BBD01C
:20DB4000FF0F260A3C0282190BFA106889A440090B8910481D00CB003B300700FE066F5AA8
:20DB60000680BBF0FF9F9BF9FF97D8030BA8104840C5029649A6080AB04FF80309F4BCF97C
:20DB80006D00AB021DFFA6FE3B600600BE063B600400BE033B500600BE003B5004003E0DBD
:20DBA0003B7006003E0A3B7004003E073B1006003E043B1004007E0DD8038F0A0211AB6970
:20DBC0008091B04FF80302F609F03CF974A03C2C3B200700FE086F6A0800D803B04FF8037A
:20DBE00009F03CFA3C06D803B04FF80309F03CF98F0A02F1EA69DA004BF051F174AF3B60BD
:20DC000006603C123B200500FE09D8038F0A02F1EA6949FF080AF80309F478F96DFF52C5E9
:20DC20003B60066074A20B89104849A5080A02A740C46DFF2BFA1DFF4DFE3B0007005F0F8C
:20DC40005D806F8A45006F0A0E80DA113C093B00024049A5080A40C46D009100C2F83F8F6B
:20DC6000F8FFD803A03E49FF080A09FF3FF449A5080A370F684040C46D000001FCE73BA041
:20DC8000034049A5080A40C46D007900D803A03E49FF040A09FF3FF449A5080A370F68401F
:20DCA00040C46D00EB00FCE7DA113C093B00024049A5080A40C46D006200C2F83F8FF8FF26
:20DCC000D80349FF080AF8031DFF04FED8033B8000400245B04FF8038F2A407109F03CF947
:20DCE000820189A040093B80076049A5080A40C46D00DF001DFFEEFD3BE006005F0F378070
:20DD00003B0008010F0A80F03E036F9A0E00D803B04FF80309FFBCF909A00809820189F096
:20DD200040091DFFD7FD3B000401260ADA407EAAD803B04FF80309FFBCF95802B4FF1DFF3D
:20DD4000C9FD5F0A0B80D803B04FF80309FFBCF9580234FF1DFFBEFDD803B04FF80309FF36
:20DD6000BCF9580274FF1DFFB5FD910000F7DA1959FF442409A20809009037046840545F36
:20DD8000C21F745F1D000200D44FBCF440F49D000000CC414C4280F07FF0068034F4CC41D7
:20DDA000B01FEC410090404F405C3C06370F684040C46DFFEBFF09FF0100EEF900903BF077
:20DDC0000F00804F1603063F0FF0100082FFC6F0C2F4604F804FB70F02F060F2B014542F3C
:20DDE000260F742F77000004FCF60090804F16033BF00F008F3F00100F10100082F1C610D6
:20DE0000C2F4604F8041B7010220095101008F3F0030B0140F3110106022C21F5422160393
:20DE20002602A612742277000004FDF0ED7F0090404F0B4510A849FD160A026840FCDA008B
:20DE400034DF820702860BAB10486DFF7FC423820A0A0B2310A88BA060F2CA708B0003F00D
:20DE600089DF3FF48B0220F28B0300F5EEEB04DF24FFEEFE40C200900248404F8FC83F40D9
:20DE8000405CDA090B4F2001DA37AB0F83F042F46DFF75FF8FF8000140F4DA0940C50B0F76
:20DEA0002011DA37AB0F834142041DFF68FF026E2020DA58404F0B4510A8405C027909AC94
:20DEC000600982085FEF7300DA643EEDDA693EEBDA6F5FEF6C00DA75BEE4DA785FEF6700BE
:20DEE0001D00ED00D2000B0C50F10B1D00F20BD190F2EE073BD002800BC0C0C00BD1D0D02D
:20DF00000BCD104840A43BA000606DFF93FFF6B6BA0C8B0D00F4DF0FDF8040A46D007D3E5D
:20DF2000370268C0DF081180DA753EE88F890101DA087E043BB002803C078F8901F18B0FC1
:20DF400001F2AB08A28F768CABFA1FAA8F3900F16E0740F4028440C56DFF11FF82086F090F
:20DF600014808F2900F18B0F20F2864F8B0F02F03C0740F402F440C56DFF01FFC2FA7FAB93
:20DF800004003FACF87F768E40F4028440C56DFFF6FE3C08C2FB61FF58C46DFFF0FEABFA7C
:20DFA0001FAA3FBCF97F1D008A008BFE268240A48F3820F08B8F00600BCD10486DFF3AFF43
:20DFC000DA78FEE314AF40A26E10092000088BF01BF0370F6810DA193F1F05808B0002F023
:20DFE000342F092F0104EEF240A46D00163E370268F078068B0C20F28B0D00F5EE0AF6B613
:20E00000DF086A806F296800821BBBB0FFFF26F96F291B006F191300768E61FF16C46DFF12
:20E02000AEFEABFA1FAA40F402E440C56DFFA7FEABFA1FAABBB0FFFF26F9DA6F7EE5580696
:20E040003FBF0300921B6F29090076875806C22BC22F370F68F078066F0915808F2900F166
:20E060008B0F20F2864F8B0F02C03C0740F402C440C56DFF84FEC2FA7FAB050058063FAF5C
:20E08000F77F6F291900DF08170061FFDEC36DFF76FEABFA1FAA40F402E440C56DFF6FFE14
:20E0A000ABFA1FAA3C08C2FB61FFCFC36DFF67FEABFA1FAA58063FBFF87FBBF0F74F40A418
:20E0C000BBF0FF6F40F5269440C602A59BF6FF671D00030000900248404F025F405C0269A3
:20E0E000406D6D009A3D022A6F0819803C083B00024040C440D56DFF42FEC2FF3FFAF97FFB
:20E100003FF9F77F3C0BC2F909F40100DF04110040C440D56DFF33FE8AFFDF09F6FF3C08FD
:20E120003B00024040C4C2FF40D56DFF28FEEEF90090910000F7D9FF2C30D4F291300057E5
:20E14000D955C08701240046015420F4EE0891400057D955C088014530F4EE0482FF60F2B3
:20E160000090F4F400908F141E2000900D0000026D000B00370248F0370F68406D0067006C
:20E180000D004002008020083C0149A4000A6D006A00DF02FC7F14A23C0100903B002490AF
:20E1A0003B50C380914000FF39F0D08ADA1237F085F1914000FFE9FFD08A914000FF39FF9B
:20E1C000C08A9601914000FFE9FFC08A6DFF7BF102246DFF64F0DA00A5FF40806DFF73F190
:20E1E00002246DFF88F185FF408005FF4484B70F03F025FF4480DA00A5FF4C90DA43A5FF48
:20E200004C80DA439B0F00F8A5FF5080DA099BFF90F8A5FF54803B0020F0A5FF5880DA07DA
:20E22000A5FF5C808F0901F0A6F8A5F8608005FF5A84B71F02F025FF5A80DA01A5FF4C90B7
:20E240007B0000F8A5FF788000903C0105FF77846F7FFE7F7B0000F8A5FF7C80A5F44490F8
:20E260000090820205FF77846F4F170085FF4890370F68F07B000001A5F07C8085F0748046
:20E280007B504010261076067B5040F0A5FF7C803C03344F82123C010090910000F7D9FF93
:20E2A000283014FF3B0002007E038212009091000027D922440490228202F424C21F34FFB4
:20E2C000009020100B4510889140004FD944400B82643B000850DA80A6F56DFFD8E89140A3
:20E2E00000FF39F0400BB7000103914000FFE9F0400B91100047D9444CAE9100025F6DFF9F
:20E300005AC991100047D9444CAEB04491100057D9554CAE6DFF3DC9911000F7D9FF4CAEEB
:20E3200049F4081A91100057D9554CAEB0456DFF68CFDA003E86DA013E8CDA02BE843C1D0C
:20E34000911000F7D9FF4CAEDA0189FF1C483C15911000F7D9FF4CAE3B90D0F3065F89FF56
:20E3600010193C0B911000F7D9FF4CAE3B90D0F3066F89FF10193C01911000F7D9FF4CAE68
:20E38000DA0089FF1C48DF091E80911000F7D9FF4CAEDA0089FF0C18910000F8D9FF98A0A8
:20E3A00049FF000A49A2000AA03444FF642FFC4E911000F7D9FF4CAE49A2000A89F2984967
:20E3C0003C1EDF291D80911000F7D9FF4CAEDA0289FF0C18910000F8D9FFA8A049FF000A51
:20E3E00049A2000AA03444FF642FFC4E911000F7D9FF4CAE49A2000A89F29849911000F7E1
:20E40000D9FF4CAEDA0289FF0E18911000F7D9FF4CAEDA0189FF2528911000F7D9FF4CAE1C
:20E42000DA0289FF9448911000F7D9FF4CAEDA0089FF1248911000F7D9FF4CAEDA0089FFAA
:20E440001648911000F7D9FF4CAE49F4080A911000F7D9FF4CAE49F5081A6DFFB4C8911052
:20E4600000F7D9FF4CAEDA0389FF3C18911000F7D9FF4CAEDA0089FF3D18911000F7D9FF89
:20E480004CAEDA0089FF3E18911000F7D9FF4CAEDA0F89FF0428911000F7D9FF4CAEDA007F
:20E4A00089FF3418911000F7D9FF4CAEDA0889FF3518911000F7D9FF4CAEDA0289FF391848
:20E4C000911000F7D9FF4CAEDA0189FF3718911000F7D9FF4CAEDA0189FF1C28911000F777
:20E4E000D9FF4CAEDA0189FF8248911000F7D9FF4CAEDA0189FF0048911000F7D9FF4CAE9E
:20E50000DA0089FF0448911000F7D9FF4CAE49F4280A911000F7D9FF4CAE49F5081A6DFF3E
:20E5200052C882043BF07F506D008C000090404C405D406E8208911000F7D9FF4CAEC8BF66
:20E540008200DA010F0F00F089FF1059911000F7D9FF4CAEDA0189FF0D58911000F7D9FFBD
:20E560004CAEDA0089FF0E58911000F7D9FF4CAE49F4280A911000F7D9FF4CAE49F5005AFE
:20E58000911000F7D9FF4CAE49F6185A6DFF55CE911000F7D9FF4CAE09FF025974CFDA00E7
:20E5A0003C0B10DF91100027D9224CAE10220920585834F0C21F3B8000003F0FF47F91103B
:20E5C00000F7D9FF4CAE09FF495874EF02823C01009020180D000002910000F8D9FF80A04D
:20E5E00049FF000A49A2080AA07404FF242FFC4E49A4040A49A5080A49A6100A6DFF99FF10
:20E6000091000048D94488A06D00692982083C0D01A800F609FF080874AF91000048D9443A
:20E6200094A06D005C29C21858043FF8F37F91000048D9448C316D0052290D00400200806B
:20E64000911000F7D9FF4CAEDA0089FF2048911000F7D9FF4CAEDA0089FF2248911000F7B8
:20E66000D9FF4CAEDA0189FF2148911000F7D9FF4CAE89F42449911000F7D9FF4CAE89F5C0
:20E680002849911000F7D9FF4CAE49F4280A911000F7D9FF4CAE49F5204A6DFF3ACE00901A
:20E6A0000D000002911000F7D9FF4CAEC83FDA0982180FF8008089F810590D00400200801D
:20E6C00020100B451088026A9140004FD944400B82643B000850DA80A6F56DFFD8E69140C5
:20E6E00000FF39F0400BB7000103914000FFE9F0400B91100047D9446CFE9100025F6DFF2B
:20E700005AC791100047D9446CFEB04491100057D9556CFE6DFF3DC7911000F7D9FF6CFE9B
:20E7200049F4081A91100057D9556CFEB0456DFF68CDDA003E86DA013E8CDA02BE843C1D9A
:20E74000911000F7D9FF6CFEDA0189FF1C483C15911000F7D9FF6CFE3B90D0F3065F89FF72
:20E7600010193C0B911000F7D9FF6CFE3B90D0F3066F89FF10193C01DA003E96DA033E9CF9
:20E78000DA04BE943C1E911000F7D9FF6CFEDA0189FF1C483C16911000F7D9FF6CFE3B9057
:20E7A000D0F3067F89FF1C193C0C911000F7D9FF6CFE3B0090F09BDF03F089FF1C193C0110
:20E7C000911000F7D9FF6CFEDA0089FF1C48DF0A1E80911000F7D9FF6CFEDA0089FF0C18B2
:20E7E000910000F8D9FF98A049FF000A49A2000AA03444FF642FFC4E911000F7D9FF6CFE6B
:20E8000049A2000A89F298493C1EDF2A1D80911000F7D9FF6CFEDA0289FF0C18910000F8BC
:20E82000D9FFA8A049FF000A49A2000AA03444FF642FFC4E911000F7D9FF6CFE49A2000AAE
:20E8400089F29849911000F7D9FF6CFEDA0289FF0E18911000F7D9FF6CFEDA0289FF0F1893
:20E86000911000F7D9FF6CFEDA0289FF2C18911000F7D9FF6CFEDA0789FF2F18911000F7F4
:20E88000D9FF6CFEDA0189FF2528911000F7D9FF6CFEDA0489FF9448911000F7D9FF6CFE90
:20E8A000DA0289FF1248911000F7D9FF6CFEDA0089FF1648911000F7D9FF6CFE49F4080AD7
:20E8C000911000F7D9FF6CFE49F5081A6DFF7BC6911000F7D9FF6CFEDA0189FF3C1891101F
:20E8E00000F7D9FF6CFEDA0789FF3D18911000F7D9FF6CFEDA0789FF3E18911000F7D9FF18
:20E900006CFEDA0489FF0428911000F7D9FF6CFEDA0089FF3418911000F7D9FF6CFEDA08B7
:20E9200089FF3518911000F7D9FF6CFEDA0289FF3918911000F7D9FF6CFEDA0189FF3718E7
:20E94000911000F7D9FF6CFEDA0189FF1C28911000F7D9FF6CFEDA0389FF8248911000F795
:20E96000D9FF6CFEDA0389FF0048911000F7D9FF6CFEDA0089FF0448911000F7D9FF6CFE46
:20E9800049F4280A911000F7D9FF6CFE49F5081A6DFF19C6911000F7D9FF6CFEDA0189FF46
:20E9A0002048911000F7D9FF6CFEDA0089FF2248911000F7D9FF6CFEDA0189FF2148911002
:20E9C00000F7D9FF6CFEDA0089FF2449911000F7D9FF6CFE3BF07FF089FF2849911000F72A
:20E9E000D9FF6CFE49F4280A911000F7D9FF6CFE49F5204A6DFF8DCC0090404C405D406EB8
:20EA00008208911000F7D9FF6CFEC8BF8200DA010F0F00F089FF1059911000F7D9FF6CFED5
:20EA2000DA0189FF0D58911000F7D9FF6CFEDA0089FF0E58911000F7D9FF6CFE49F4280A23
:20EA4000911000F7D9FF6CFE49F5005A911000F7D9FF6CFE49F6106A6DFFEFCB911000F7F3
:20EA6000D9FF6CFE09FF025974CFDA003C0B10DF91100027D9226CFE10220920506834F03A
:20EA8000C21F3B0004003F0FF47F911000F7D9FF6CFE09FF495874EF54E0DA0F7E04DA40F6
:20EAA00074EF3C2454E0DA0E7E04DA3074EF3C1E54E0DA0D7E04DA2074EF3C1854E0DA0CC6
:20EAC0007E04DA1874EF3C1254E0DA0B7E04DA1474EF3C0C54E0DA0A7E04DA1074EF3C06B4
:20EAE00054E0DA097E03DA0C74EF02823C01009020480D000002DA0074AF910000F8D9FF0F
:20EB0000B8A049FF000A49A2040AC5043F0004FF242FFC4EDA00781149A4000A49A5040A54
:20EB200049A6041A6DFF6BFF0D00400200800D000002911000F7D9FF6CFEC83FDA098218B6
:20EB40000FF8008089F810590D00400200808FF40FF18F8F01F0BB00F00F26408F800000B4
:20EB6000A60F7BF00F0026400680A60FB70418008F801E20A6F23C0100908FF40FF18F8F9F
:20EB80002020BB00F0FF26F48684A6423C0100904E4602403250DA113FF007009100002880
:20EBA000D9229CE03C0B3254534420F0910000F7D9FF3C3010FFD4F23C0100900D000002ED
:20EBC00091000048D944C4106D0089260D00400200800248C5FF0001BCF182046DFF1EE6CE
:20EBE000913000FF39FF3006160F4B0F41F14BF251F03C013C014B0F31F13B803E004B0F6F
:20EC00000102E2083C010B8000486DFF3ABE00902018404C89A41409405DDA0A78043BA01D
:20EC200000803BA000903BA000A0820B820C820D820E1D00BA00538E21F091100027D922A8
:20EC4000BC6E1022092F54087803DA0AFE975803EE15DA006E10DA006E0EDA016E0C74AE4D
:20EC600091000048D9443CF16D002B74DA006E033C013C0002E91D0097005803DF0F940025
:20EC80009E16FF2F1580910000F8D9FF6801F4AF3B3012F07801910000F8D9FF6811F802D6
:20ECA00091000048D94438006D000B74BD0C2C0054C0538E21F0911000F7D9FFBC6E10FF96
:20ECC000481F5F0F2180BCDB538E21F0911000F7D9FFBC6E10FFC82F7DFD1680DA006E102D
:20ECE000DA006E0EDA016E0C74AE91000048D944CC206D00E673DA006E033C013C0002E2F7
:20ED00001D0068015803DF1F3880538E21F0911000F7D9FFBC6E10FF54FF6E17538E21F0F7
:20ED2000911000F7D9FFBC6E10FF09FFD2083FBF0C8002EA538E21F0911000F7D9FFBC6E46
:20ED400010FF09FBD2083C17538E21F0911000F7D9FFBC6E10FF09FFD2083FCF0D8089AE24
:20ED60001009538E21F0911000F7D9FFBC6E10FF09FCD2083C18BF2F1780538E21F0911094
:20ED800000F7D9FFBC6E10FF09FFD2083FDF0C8002E8538E21F0911000F7D9FFBC6E10FF5A
:20EDA00009FDD208C21EDA0A3FFE477F5805AE16DA0AFE9758056F0F1580DA006E0FDA0071
:20EDC0006E0DDA016E0B91000048D944F8206D007873DA006E033C013C0082F21D00FA00AF
:20EDE000DA0A7FF91500DA006E10DA006E0EDA016E0C74A991000048D944FC306D0061731F
:20EE0000DA006E033C013C001D009600DA0A7FF831000289DA006E10DA006E0EDA016E0C61
:20EE200074A891000048D944EC406D004A73DA006E033C013C00538821F0911000F7D9FF4A
:20EE4000BC6E10FF54FF6E14910000F8D9FFE450F4AF3BD016F07801910000F8D9FF681108
:20EE6000F80291000048D94438006D002A733C4C3BA0000058047F0F170009A91009DA0057
:20EE80006E11DA006E0FDA016E0D580474AF91000048D944FC506D001473DA006E033C0109
:20EEA0003C003C32DA0A7FFA1E0002A9DA006E19DA006E17DA016E1574AA538A21F09110B7
:20EEC00000F7D9FFBC6E10FF54FF780191000048D944C4706D00F572DA006E033C013C009C
:20EEE0003C13DA006E0FDA006E0DDA016E0B91000048D944D4806D00E472DA006E033C012E
:20EF00003C0082F23C663C14910000F8D9FFD090F4AF3BF017F07801910000F8D9FF681166
:20EF2000F80291000048D94438006D00CA7202946D0051003C14910000F8D9FFD090F4AFF8
:20EF40003B3018F07801910000F8D9FF6811F80291000048D94438006D00B372538921F044
:20EF6000911000F7D9FFBC6E10FF09FF54086E14910000F8D9FFE490F4AF3B4018F078018E
:20EF8000910000F8D9FF6811F80291000048D94438006D009672BCCA538921F0911000F7EF
:20EFA000D9FFBC6E10FF54CF6CF1538921F0911000F7D9FFBC6E10FFDA00ACF9538921F0BE
:20EFC000911000F7D9FFBC6E10FFE82D02923C01009020080248538821F0911000F7D9FF44
:20EFE000BC6E10FF54FF6E30DA006E1BDA006E19DA016E17370870F074AF538821F0911074
:20F0000000F7D9FFBC6E10FF54FF780191000048D944D4106D005572DA006E033C013C004A
:20F02000538821F0911000F7D9FFBC6E10FFD4F46D000930538821F0911000F7D9FFBC6E47
:20F0400010FFA002F4F2538821F0911000F7D9FFBC6E10FFDA0089FF1408538821F0911079
:20F0600000F7D9FFBC6E10FFDA00ACF9538821F0911000F7D9FFBC6E10FFA002E8225388ED
:20F0800021F0911000F7D9FFBC6E10FFDA006CF1538821F0911000F7D9FFBC6E10FF910059
:20F0A0000028D92278910921C4085420A881683000902018404C405DBD0D1780910000F81E
:20F0C000D9FFDCE0F4AF3BA028F07801910000F8D9FF6811F80291000048D94438006D001E
:20F0E000F0711D00030109CE840909EFC0083B0010007E0A0CE45E680CE55E4609E0C20899
:20F10000DA085F0F3A00DA006E19DA006E17DA016E1509EFC00874AF0CE4780109EFC20839
:20F1200078020CE5780391000048D944ECE06D00C871DA006E033C013C0091100027D922FA
:20F14000E8D791100047D944E8D7094FE808C21F892FA808911000F7D9FFE8D791100027A4
:20F16000D922E8D7092FDE08C21FACFF40C46D006A2F1D00BB00911000F7D9FFE8D7911079
:20F180000027D922E8D7092FDA08C21FACFD49A4100A49E50E0A82446D00022249A4140A3B
:20F1A00049E5180A82446D00FB214CD1EE0382083C06580509D004090B0F00817683821469
:20F1C0003C02822449A5100A49E6080A40D46D008C0509E0C6083B0010F03E063B0020F06F
:20F1E0005F0F4D003C5CDA006E0FDA006E0DDA016E0B91000048D94410016D006271DA009B
:20F200006E033C013C00DF08160040DFB04FF4AF49EF080AF80149AF100AF80249D5220AAD
:20F2200049E6080A49D7220A822440D46D0096033C244CD1EE12DA006E0FDA006E0DDA017D
:20F240006E0B91000048D94418116D003A71DA006E033C013C003C11DA006E0FDA006E0D41
:20F26000DA016E0B91000048D94414216D002971DA006E033C013C003C35DA006E0FDA00A2
:20F280006E0DDA016E0B91000048D94400316D001871DA006E033C013C003C24DA006E1402
:20F2A000DA006E12DA016E1009E4C6086DFF67FC74A291000048D94424316D000271DA00F6
:20F2C0006E033C013C00911000F7D9FFE8D791100027D922E8D7092FEC08C21F89FFAC084A
:20F2E0003C0140C46D00AF2E00902018404C405D406EBD0C158091000028D922DCE0F4A280
:20F300003BE031F07801910000F8D9FF6811F80291000048D94438006D00D370BD0D158027
:20F32000910000F8D9FF0051F4AF3BF031F07801910000F8D9FF6811F80291000048D944E9
:20F3400038006D00BE70BD0E1580910000F8D9FFCCE0F4AF3B0032F07801910000F8D9FF93
:20F360006811F80291000048D94438006D00A97054E440C46D00E813762791000078D977CC
:20F3800070911D00A90054EF16F03B000E00FE04DA012CACDA002CADDA5E2CAE0CE1167F18
:20F3A0002CAF0CE289AF10080CE389AF110849A70C0A1D00910054E04CC226F04CC109C111
:20F3C0000809261F3E0F54EFB70F10F8BB90EA0F3E094CC36E0449CE0C0A3C0482C21D009F
:20F3E0008400911000F7D9FFACAE14FF538F21F0911000F7D9FFBC6E10FF09FF5408BF2FBE
:20F400003780911000F7D9FFACAE14FF538F21F0911000F7D9FFBC6E10FFC82F7DCF2880D1
:20F4200054E0911000F7D9FFACAE14FF538F21F0911000F7D9FFBC6E10FF481FFE08911011
:20F4400000F7D9FFE8D791100027D922E8D7092FEE08C21F89FFAE08911000F7D9FFACAE85
:20F4600014F440C440D56D0041003C3E82043C2B538421F0911000F7D9FFBC6E10FF09FFBD
:20F480005408BF2F2080538421F0911000F7D9FFBC6E10FFC82F7DCF168054E0538421F0FC
:20F4A000911000F7D9FFBC6E10FF481F7E0B911000F7D9FFACAE34F440C440D56D00160025
:20F4C0003C13C214BFA4D6FF40C440E540D66D009D003C0A49C6220A3B00804040C440D5F1
:20F4E0006D00F3053C0100902010404C405D0248538821F0911000F7D9FFBC6E10FF09FF9A
:20F500005408FF2F1580910000F8D9FF1041F4AF3BE02EF07801910000F8D9FF6811F802F1
:20F5200091000048D94438006D00CB6F538821F0911000F7D9FFBC6E10FF09FF5408DF2FEF
:20F540005280538821F0911000F7D9FFBC6E10FF09FFD2083BD011003F0F1900538821F0F3
:20F56000911000F7D9FFBC6E10F5B04540C46D00C202F62B538821F0911000F7D9FFBC6E1B
:20F5800010FFDA0389FF14083C2D538821F0911000F7D9FFBC6E10FF09FFD2083BE01000D0
:20F5A0003F0F2100538821F0911000F7D9FFBC6E10F5B045538821F0911000F7D9FFBC6ED6
:20F5C00010FF49F60C0A40C46D00B102F62B538821F0911000F7D9FFBC6E10FFDA0389FF88
:20F5E000140849C6220A538821F0911000F7D9FFBC6E10FF49F70C0A3B00804040C440D5B5
:20F600006D0063053C0100902010404C405D406E49C2220A89A28C0982F9820A54D440C417
:20F620006D009212F62954DF8F0F0F01DAE03E04BCD354DFEE15DA006E0FDA006E0DDA0171
:20F640006E0B91000048D9440C516D003A6FDA006E033C013C003B00FF2F1D007E01821469
:20F6600040D440C56DFFD6FA0228FF083500DA006E0FDA006E0DDA016E0B91000048D944D9
:20F680000C616D001E6FDA006E033C013C00BD0E1F00DA006E0FDA006E0DDA016E0B9100C4
:20F6A0000048D94438616D000C6FDA006E033C013C00911000F7D9FFE8D791100027D922AE
:20F6C000E8D7092FE408C21F89FFA408370848201D0043013C14910000F8D9FF1871F4AF4D
:20F6E0003B103CF07801910000F8D9FF6811F80291000048D94438006D00E36E538821F06E
:20F70000911000F7D9FFBC6E10FF09FF5408EE14821A538821F0911000F7D9FFBC6E10FFA9
:20F72000DA0189FF1408538821F0911000F7D9FFBC6E10FFE82C538821F0911000F7D9FF45
:20F74000BC6E10FF09FF54089E1F538821F0911000F7D9FFBC6E10FF09FF5408FF2F158093
:20F76000910000F8D9FF3071F4AF3BD03CF07801910000F8D9FF6811F80291000048D9446A
:20F7800038006D009E6EF6A27CEB40C440D56D00B201022976917CE402921D00DE00BD0E94
:20F7A0001580910000F8D9FF0051F4AF3B103EF07801910000F8D9FF6811F80291000048C0
:20F7C000D94438006D007D6E538821F0911000F7D9FFBC6E10FF09FF5408BF2F1B80911059
:20F7E00000F7D9FFACAE34F8538821F0911000F7D9FFBC6E10FF49F70C0A3B00804040C4CA
:20F8000040E509A68C096D00600402291D00A300538821F0911000F7D9FFBC6E10FF09FF26
:20F820005408DF1F9880820940EC3C2009C0CA0809CFC808FE0654CF6E14910000F8D9FFF6
:20F840001881F4AF3B103FF07801910000F8D9FF6811F80291000048D94438006D00316E6B
:20F860000CCC2E6382193C04D4CCBD0CE1FF769A3B0001403B00285040E46D00652A402C30
:20F880003C0540EC40E46D00572DBD0C4500538821F0911000F7D9FFBC6E10FF54FF6E1E64
:20F8A000DA006E12DA006E10DA016E0EF4AE89A8040991000048D94434816D00026EDA00FD
:20F8C0006E033C013C00538821F0911000F7D9FFBC6E10FFD4F46D00B62B538821F0911006
:20F8E00000F7D9FFBC6E10FFF4FC8209DA006E12DA006E10DA016E0EF4AE89A8040991000B
:20F900000048D94438916D00DC6DDA006E033C013C003C20911000F7D9FFE8D791100027EC
:20F92000D922E8D7092FE408C21F89FFA408DA006E10DA006E0EDA016E0CF4AE9100004856
:20F94000D94428A16D00BD6DDA006E033C013C0082F902923C0100902018404C89A59009FF
:20F9600089A68C09407D02488209BD0C1580910000F8D9FFDCE0F4AF3B7045F07801910029
:20F9800000F8D9FF6811F80291000048D94438006D00976D3B0001403BC001503B002860FA
:20F9A0006D00AB27402EBD0E2280DA006E0FDA006E0DDA016E0B91000048D94434B16D00E5
:20F9C000806DDA006E033C013C00911000F7D9FFE8D791100027D922E8D7092FE408C21FC0
:20F9E00089FFA40882F21D00850009E0CA08DA1C7FF0158091000028D9222CC1F4A23B2076
:20FA000046F07801910000F8D9FF6811F80291000048D94438006D00546DCCE1DA006E0F03
:20FA2000DA006E0DDA016E0B91000048D94420D16D00476DDA006E033C013C0002846DFF5F
:20FA40009EF8A83209CF68089E6591000028D92208E1F4A23B9046F0780191000028D9228A
:20FA6000681189A2880991000048D94438006D00286D49F4080A826440D56D00911D49F47F
:20FA8000120A826409A59C096D008A1D49F40E0A824409A598096D00831D49F4180A824461
:20FAA00009A5A0096D007C1D3B0010F0B4FFDA08ACF1DA062CF4DA042CF53B60804040C41E
:20FAC00040E509A6900909A78C096D00FE02911000F7D9FFE8D791100027D922E8D7092F1E
:20FAE000D808C21FACFC40E46D00AD2A02923C010090404F405CDA006E0FDA006E0DDA0122
:20FB00006E0B91000048D9440CF16D00DA6CDA006E033C013C0091000068D966709140F495
:20FB200040C56D0004003C0100902010404FB04FF4AF910000F8D9FF7891F80189A58809FF
:20FB40004945220A4947220A82146DFF07FF3C0100902008DA006E0FDA006E0DDA016E0B32
:20FB600091000048D944D0A06D00AB6CDA006E033C013C0082081D00B400538821F09110EF
:20FB800000F7D9FFBC6E10FF09F05408DF00A800538821F0911000F7D9FFBC6E10FF538811
:20FBA00021F091100027D922BC6E10220920D2089A10ACF9538821F0911000F7D9FFBC6E3D
:20FBC00010FF09FFD2083BC012007F0F1880538821F0911000F7D9FFBC6E10FF09FF540808
:20FBE000DF1F3880538821F0911000F7D9FFBC6E10FF09FFD208BF5F2D80DA006E26DA00C5
:20FC00006E24DA016E22538821F0911000F7D9FFBC6E10FF09FF5408BF2F0780910000F8F0
:20FC2000D9FF28713C05910000F8D9FF34F1F4AF89A8040991000048D94434016D00416C66
:20FC4000DA006E033C013C0002846DFFC4F93C47538821F0911000F7D9FFBC6E10FF09FF11
:20FC600054085E3C538821F0911000F7D9FFBC6E10FFDA0489FF14083C32538821F091107C
:20FC800000F7D9FFBC6E10FF09FF54085E4C538821F0911000F7D9FFBC6E10FFDA0289FF55
:20FCA00014083C1D538821F0911000F7D9FFBC6E10FF09FF5408DE13538821F0911000F761
:20FCC000D9FFBC6E10FFC824538821F0911000F7D9FFBC6E10F5B0456DFF0DFFC218DA0A71
:20FCE0003FF84D7F00902028404C405D406E024809CF68089E6491000028D922E0A0F4A2F4
:20FD00003B901AF07801910000F8D9FF6811F80291000048D94438006D00D36BDA006E237D
:20FD2000DA006E21DA016E1F14DF74AF0CD178010CD278020CD3780314EF78040CE17805EB
:20FD40000CE278060CE378070CE478080CE5780991000048D944C4B06D00B36BDA006E03A7
:20FD60003C013C00BCDD54DF6E0B54D440C46D00EB0EF62654DF16F03B000E00FE04DA00B9
:20FD80006E0FDA006E0DDA016E0B91000048D944CCC06D00966BDA006E033C013C003B004E
:20FDA000FF2F3C6C40D4028440C56DFF33F70228CE84370848203C62538821F0911000F7F3
:20FDC000D9FFBC6E10FFDA0289FF1408538821F0911000F7D9FFBC6E10FFE82CDA006E1091
:20FDE000DA006E0EDA016E0C74A891000048D944D8D06D00666BDA006E033C013C005388C1
:20FE000021F0911000F7D9FFBC6E10FF49F40C0A826440E56D00C41B538821F0911000F7FA
:20FE2000D9FFBC6E10FFDA00ACF9538821F0911000F7D9FFBC6E10FF54FF6E1E538821F0D2
:20FE4000911000F7D9FFBC6E10FFD4FD538821F0911000F7D9FFBC6E10FFA002F4F249C6FC
:20FE6000220A3B00804040C440D540E76D002D0140D46D00E82882023C0100902038404DB9
:20FE8000405C3B00018009D0CA08DA103F0F1D0091100027D922E8D791100047D944E8D7C4
:20FEA000094FE808C21F892FA808911000F7D9FFE8D791100027D922E8D7092FDE08C21F01
:20FEC000ACFF1D00FC000CDFEE0509C06C089A102CDFCCD1DA006E2DDA006E2BDA016E2997
:20FEE00009F4CE086DFF4BF6082F74AF083F7801084F7802085F7803086F7804087F7805BE
:20FF0000088F7806089F780708AF780808BF780908CF780A08DF780B89A230099100004827
:20FF2000D9445C216D00CD6ADA006E033C013C0009F9CE08082F6F0F1A00082F5E1A083F22
:20FF4000EE070840DA5E7E040CDD96102CDD3C0EB02F91000058D9557091826440F46D004A
:20FF6000121BF6240CDD96082CDDDA083E973B8060F05F9F3A001D00860009CF6908AE33E3
:20FF80001D009D0040D402846D00F229DF022800DA006E14DA006E12DA016E1009DFC808B5
:20FFA00074AF89A8040991000048D94454416D00886ADA006E033C013C00DA006E0FDA0001
:20FFC0006E0DDA016E0B91000048D9444C516D00786ADA006E033C013C003C7040D440C5E7
:20FFE0006D00A7083C6909CF6908AE323C6740D402846D00BD29DF024100DA006E14DA002F
:02000004800179
:200000006E12DA016E1009DFC80874AF89A8040991000048D94470516D00536ADA006E03C2
:200020003C013C00DA006E0FDA006E0DDA016E0B91000048D9444C516D00436ADA006E034F
:200040003C013C00911000F7D9FFE8D791100027D922E8D7092FE208C21F89FFA2089110A0
:2000600000F7D9FFE8D791100027D922E8D7092FDE08C21FACFF3C2240D440C56DFF1BF8D0
:200080003C1B911000F7D9FFE8D791100027D922E8D7092FE808C21F89FFA808911000F77F
:2000A000D9FFE8D791100027D922E8D7092FDE08C21FACFF3C0382023C0640D46D00C3270D
:2000C00082023C010090201089A48C09405E406C407D6DFF54F5022F3B00014040E46D00E3
:2000E0008F2376223C3ECCE1ACF740F4B024826440D56D00551A49F4080A826440C56D0066
:200100004F1AD80309FF68089E64910000F8D9FF7061F4AF3B2013F07801910000F8D9FF14
:200120006471F80291000048D94438006D00C969DA006E10DA006E0EDA016E0CF4AE9100ED
:200140000048D94454816D00BC69DA006E033C013C0009A48C09CC4640E52D0F00003C1FFF
:20016000DA006E0FDA006E0DDA016E0B91000048D94478816D00A569DA006E033C013C0051
:20018000911000F7D9FFE8D791100027D922E8D7092FCA08C21FACF582E23C01009020C011
:2001A00049A4000A9120005F6DFFADC991100047D9448CBE49A5000A6DFF6EC949A42C0A49
:2001C00091100057D9558CBE6DFF32C9DA0389AF3008DA0389AF3108DA0189AF2D18DA017A
:2001E00089AF181891100047D94480BE49A52C0A6DFF82C549A4042A91100057D95580BEFE
:200200006DFF6BC5DA0089AF1028DA0089AF132891100047D944B8AE49A5042A6DFFC1C334
:2002200049A4202A91100057D95580BE6DFF55C5DA0189AF2C28DA0189AF2F2891100047E4
:20024000D944B0AE49A5202A6DFFABC391100027D922B8AE82053B000260CC21C8140924CE
:2002600000086DFFDBC191100027D922B0AE82053B000260CC21C814092400086DFFCEC130
:20028000911000F7D9FF80BEDA00C81F82003E0682103E0A82203E0E3C1309FF45489602E5
:2002A00089FF05483C0D09FF6548960289FF25483C0709FF4558960289FF05583C010090AC
:2002C000911000F7D9FFB0AEC81209228409081F534F20F0102F19FF00C03C013C01370F0E
:2002E000680C6F70EF7F370F70203C010090911000F7D9FFB8AEC81209228409081F534F69
:2003000020F0102F19FF00C03C013C01370F680C6F70EF7F370F70203C010090BD043100A0
:20032000B0C4404C54CF910000D7B70F0180D9DD5C24D4DF74C801C800E654EF6E04AE03B1
:2003400042F83CF954F001F000267DC20580420874F840FCEE1082046DFFEDEEB04E7DE2F5
:200360000A80325802846DFFE6EE802F1EF3DA0074CFD4DF80CF80F00B0F90F174DF0090D6
:20038000404C405D024F8BEF0090910000F7D9FF7034820840F402846DFF2FCEBD02FC7FEE
:2003A000402F3C0191000047D944703491100077D97790BE40F540C602F46DFF9ED5DA0058
:2003C0008F8F3F0028C016FF2CFDDA0E3C0710F210D4094072F83420C21F3F9FFAFF910039
:2003E00000F7D9FF7034D4FFDA00820182100F101000530F28F010FF59F02051910000477E
:20040000D9447034820502946DFFD1CF3C01910000F7D9FF7034D4FFDA00820182100F10D0
:200420001000530F28F010FF19FF2051260F6E03DA013C03DA003C016EEB910000F7D9FF0A
:200440007034D4FFDA00820182100F101000530F28F010FF59F020510090200874A489A5C6
:2004600084086D001900DA003C0A911000F7D9FF90BE10FF10A2142034F0C21FBF6FF77FEE
:2004800009A5C40854A46D00D3683B80BB406DFFA2F30090201049A4000A6DFF43E1DA6307
:2004A000ACA4DA002CA13B90D0F3066F7801DA002CAAC5F4000149A5000A6DFFACE00090DF
:2004C0000D000002C5F2000182003B50C3100651534020F01024534020F0102F48CF5340BB
:2004E00020F0102F48CF421F6C4C910000F7D9FF602491000027D9226024542FC21F74FF8B
:200500006D004F680D00400200800D000002910000F7D9FF0050910000C7D9CC005054CFB9
:20052000C21F74FF0D00400200806DFFCCDF02246DFFB5DEDA00A5FF80016DFFC4DF022428
:200540006DFFD9DF6D0005006D004000009005FF9505B72F82F125FF950105FF9405B70FB4
:2005600083F125FF940105FF9405968025FF940105FF9405B75F03F025FF9401DA5DA5FFA8
:20058000B80105FF9005B74F83F125FF900105FF9005960725FF9001DA5DA5FFB40191408E
:2005A00000FFD9FF28B814FFB75F08F034FF081FB70F83F12CF1083F96022CF3081F9604F3
:2005C0002CF16D003F00009005FFA105B70F82F125FFA10105FFA005B70F83F125FFA00171
:2005E00005FFA005968025FFA00105FFA005B70F03F025FFA00105FFA105960225FFA10148
:2006000005FFA105968025FFA101DAFAA5FF8411DAFAA5FFB001914000FFD9FF34B814FF77
:20062000B76F08F034FF081FB70F83F12CF1083F96022CF3081F96042CF16D000B00009007
:20064000DA0105F0940537F001F325FF94010090DA0105F0A00537F001F325FFA0010090E8
:20066000911000F7D9FF98BE683491100047D944A0CE91100057D95598BE6DFF6CD50090EC
:20068000911000F7D9FFBCBE683491100047D944B4CE91100057D955BCBE6DFF5CD5009080
:2006A0009100014F6DFF48D49100014F82043B0040529B4597546DFF46D69100014F8224C3
:2006C0006DFF25D691100047D94498BE9100015F6DFFDBD5911000F7D9FF98BE91000028CC
:2006E000D9227870142F2CF4911000F7D9FF98BE91000028D9227870092F01082CF591104F
:2007000000F7D9FF98BE3B803EF06CF2911000F7D9FF98BE91000028D9227870E872911010
:2007200000F7D9FF98BEDA0189FF130891100047D944A0CE91100057D95598BE6DFF0BD5DB
:2007400091100047D944A0CE82146DFFCCD59100014F82143B0040529B4597546DFFF3D540
:200760009100014F3B8000406DFFD1D591100047D944BCBE9100015F6DFF87D5911000F7BB
:20078000D9FFBCBE91000028D9224C80142F2CF4911000F7D9FFBCBE91000028D9224C80BA
:2007A000092F01082CF5911000F7D9FFBCBE3B803EF06CF2911000F7D9FFBCBE9100002803
:2007C000D9224C80E872911000F7D9FFBCBEDA0189FF130891100047D944B4CE9110005711
:2007E000D955BCBE6DFFB7D491100047D944B4CE82146DFF78D50090024582346D00810207
:2008000000902010404C89A58C0991100027D922E8D791100047D944E8D7094FE218C21F50
:20082000892FA218911000F7D9FF88DEC82D14DF160F534F2080DA147FF81580DA006E10CF
:20084000DA006E0EDA016E0C74A891000048D94440A16D003666DA006E033C013C001D0010
:200860002D0209C0CA08FF401780DA006E12DA006E10DA016E0E09CFC80874AF910000482B
:20088000D94484116D001D66DA006E033C013C001D001402CCC114FFCCC1081082013E16A3
:2008A0003B8000103E151D00B9011D000302911000F7D9FF88DE49FE120A911000F7D9FF78
:2008C00088DE09FF12098F0F0F01DAE0FE03DA006E0FDA006E0DDA016E0B91000048D94430
:2008E00090316D00EE65DA006E033C013C001D00F601911000F7D9FF88DE09F41209911010
:2009000000F7D9FF88DED4F46D001E09DF021400DA006E0FDA006E0DDA016E0B9100004878
:20092000D944BC316D00CD65DA006E033C013C001D00D501DA006E0FDA006E0DDA016E0B57
:2009400091000048D944A8416D00BB65DA006E033C013C0009CFC808FF8F1480DA006E0F46
:20096000DA006E0DDA016E0B91000048D944BC416D00A765DA006E033C013C001D009E01E2
:2009800040C46D00B502DF022400DA006E0FDA006E0DDA016E0B91000048D944A0516D00D6
:2009A0009065DA006E033C013C0040C46D004B23911000F7D9FFE8D791100027D922E8D7EE
:2009C000092FE818C21F89FFA8181D0099018B08014040C46D00141FDF02960009CFC80868
:2009E000428F370F705009CFC8087FF51480DA006E0FDA006E0DDA016E0B91000048D9447A
:200A000094616D005E65DA006E033C013C001D0066013B0001403B0028606D006E1F402FC1
:200A2000BD0F1480DA006E0FDA006E0DDA016E0B91000048D94490716D004365DA006E03FF
:200A40003C013C001D004B0109FFCA088B8800007F0F1780DA006E0FDA006E0DDA016E0BA2
:200A600091000048D94474A16D002B65DA006E033C013C0040F46D00E6221D003001C814D7
:200A800040D502846D008C1540F402846D007024DF021A0091000028D9225CB1F4A2DAB610
:200AA000780191000028D92254C189A2880991000048D94438006D00046540F46D00C322AE
:200AC0001D000D0140F440C56D006521DF021700DA006E0FDA006E0DDA016E0B91000048EE
:200AE000D94444D16D00ED64DA006E033C013C0040F46D00A8221D00F20040C46D00A32292
:200B000040FC3C1C8B08014040C46D003124DF021600910000F8D9FF6CD1F4AFDAC7780155
:200B2000910000F8D9FF54C1F80291000048D94438006D00C6641D00D20009CD840940C42A
:200B400002846D005D1EDF021300DA006E0FDA006E0DDA016E0B91000048D9444C516D0033
:200B6000B064DA006E033C013C003C56CCC154EF6CF391100027D92288DE092F0E096CF404
:200B8000DA0034DF09DFC208BB70FF0F7FF0098009DFC2088B8F00F0C21FACD13C0609DF41
:200BA000C2088B8F00F0ACD1DAFF2CF8DA00ACF540F402846D009401A852911000F7D9FF46
:200BC000E8D791100027D922E8D7092FE018C21F89FFA018A0063BF00F408205821640C440
:200BE00040E509A78C096D00D305DF021600DA006E13DA006E11DA016E0F02246DFFCAEFF8
:200C0000F4A291000048D94460E16D005A64DA006E033C013C003C4D5E323C1C3BB00010AC
:200C20007E123C183BC000107E123C145E423C125E523C103BD000107E123C0C3BE00010DD
:200C40007E123C083B1001107E123C043B2001107E118201DF0114008201DF01110082111B
:200C6000761E74AF89A0040991000048D94450F16D002764DA006E033C013C00911000F7FC
:200C8000D9FFE8D791100027D922E8D7092FF018C21F89FFB018911000F7D9FFE8D79110FA
:200CA0000027D922E8D7092FE618C21F89FFA61840C46D00C8213C2340C46D00C421911046
:200CC00000F7D9FFE8D791100027D922E8D7092FEA18C21F89FFAA183C1240C46D00B3210C
:200CE000911000F7D9FFE8D791100027D922E8D7092FF418C21F89FFB4183C0100902018C5
:200D0000404C0B4510883B4002403B4002503B0028606D00F21D402DBD0D1480DA006E0F74
:200D2000DA006E0DDA016E0B91000048D94484016D00C763DA006E033C013C001D00C9004E
:200D400009D0CA08DA247FF0158091000028D922B011F4A23B8016F07801910000F8D9FF40
:200D600054C1F80291000048D94438006D00A963CCC1DA006E0FDA006E0DDA016E0B91009F
:200D80000048D9449C216D009C63DA006E033C013C00DA006E1EDA006E1CDA016E1A483F4D
:200DA00016FF74AF483F370F68F47801483F370F68F87802483F370F68FC7803910000482D
:200DC000D944B8216D007D63DA006E033C013C00DA006E0FDA006E0DDA016E0B9100004833
:200DE000D94484316D006D63DA006E033C013C00DA006E1EDA006E1CDA016E1A484F16FF47
:200E000074AF484F370F68F47801484F370F68F87802484F370F68FC780391000048D94494
:200E2000B8216D004E63DA006E033C013C00DA006E0FDA006E0DDA016E0B91000048D94401
:200E40008C316D003E63DA006E033C013C0009DE840934E889E90108DA00ACE2DA00ACE327
:200E600009D284094924080A09C584093BC001406D009613483F780449A4100A6D00E10581
:200E8000402CBD0C2300DA00ACE109D4CA0840E46D00260089E28208911000F7D9FFE8D709
:200EA00091100027D922E8D7092FE018C21F89FFA018A00549A6100A3BF00F408205821618
:200EC00040D440C76D00640440D46D00BC20009002453BB000406DFF14FF00906D00CA007D
:200EE00082FFC6F2370270203C0100908208DA00404F3C1EC81409F4CA086D00BB0042F2CF
:200F00008F021F00B70210181A1009F0CA0882214B100102761C8B0800828FFF0F018F80F6
:200F20000010BB00F00F260F068FA61FD4FFBD0FE3FF768A8FFF0F018F800010BB00F00F60
:200F4000260F068FA61FB70F10F882F0C60F370F70203C0100905450B70010F83700700838
:200F6000420F5460B7001018421F37007008420F8F0F1F00B70F10F842F08F001F60B700AA
:200F800010F842F66D0004003C01009020080B451088026A820B404F3C31DA006E12DA009A
:200FA0006E10DA016E0EF4AF54FF780191000048D944B8716D008562DA006E033C013C00B6
:200FC000C81409F4CA086D005500422A8F0A1FF0B70A10A842FA09FFCA0882204B0F010202
:200FE000761C8B0B00B28FFA0FF18F8F0000BB00F0FF26FA068AA60AD4FFBD0FD0FF76BAC8
:201000008FFA0FF18F8F0000BB00F0FF26FA068AA60A02846DFFB3ED422A02946DFFAFED83
:20102000422A8F0A1FF0B70A1008420F8F0F1F80B70F10F842F8DA006E10DA006E0EDA01A4
:201040006E0C74A891000048D944B4816D003962DA006E033C013C00B70810F882F0C60FF5
:20106000370F70203C0100906DFF77FF3C01009082018200804F16016E098E481442372138
:20108000081437017010B014C2F43C060942C0084220B024C2E4FF24FB7F8E4414423721B4
:2010A000081042108F001F10B700100842018F011F00B701101842106E0A8FF00FF18F8F00
:2010C0000010BB00F0FF26F00680A610370070203C0100902010DA00780349AF0C0A80FF5E
:2010E00060FF49A20C0A7D2F1500910000F8D9FFA891F4AF3B1015F07801910000F8D9FF68
:20110000ACA1F80291000048D94438006D00D9616D0078256D00F40D6D0015136DFF61DEFB
:201120006DFF5FDE6DFF5DDE6D001B6400902018404C405D91100027D922E8D79110004718
:20114000D944E8D7094FCA18C21F892F8A1809CE840914EF86CFDF4F3500DA006E12DA00EB
:201160006E10DA016E0E14EF86CF74AF91000048D944D8516D00A561DA006E033C013C00C9
:2011800040C46D00601F911000F7D9FFE8D791100027D922E8D7092FDC18C21F89FF9C1865
:2011A000911000F7D9FFE8D791100027D922E8D7092FCE18C21F89FF8E1882021D007B0233
:2011C00014EF160F534F208009E4C2086DFFD7EC022909CFC8087FF9068040C402946D00E7
:2011E0002E2009CFCA083F8F098009CFC8083F9F0580DA147FF86680DA147FF81380DA0078
:201200006E10DA006E0EDA016E0C74A891000048D944C8616D005561DA006E033C013C0083
:2012200009CFCA087F8F1680DA006E13DA006E11DA016E0F74A809CFCA087801910000483C
:20124000D944CC716D003D61DA006E033C013C0009CFC8087F9F1680DA006E13DA006E1155
:20126000DA016E0F74A909CFC808780191000048D944D8816D002561DA006E033C013C00D2
:2012800040C46D00E01E911000F7D9FFE8D791100027D922E8D7092FD218C21F89FF9218F9
:2012A000911000F7D9FFE8D791100027D922E8D7092FCE18C21F89FF8E1882021D00FB01B3
:2012C00040E402846DFF0CFEDF023700DA006E14DA006E12DA016E1040E402846DFF00FEB3
:2012E00074A291000048D944D8916D00EA60DA006E033C013C0040C46D00A51E911000F732
:20130000D9FFE8D791100027D922E8D7092FD018C21F89FF9018911000F7D9FFE8D79110B3
:201320000027D922E8D7092FCE18C21F89FF8E1882021D00C00191100027D92288DE4CE4E4
:20134000892F1209911000F7D9FF88DE4CE389FF0E09911000F7D9FF88DE09FF120916F017
:201360003B000E00FE0009DF69082E03DA013C02DA006E064CD16E0489AD94093C03A00FE5
:20138000F8053C2840D46D009701762489AD94093C21A00FF805911000F7D9FF88DE09FF7F
:2013A000120916FF3BF00700BE05911000F7D9FFD4D7D4FFF8053C0C7DDF03803C0709A406
:2013C00094096D00790176223C05D4FFF805BD0FF5FF911000F7D9FF88DE09F40E0940D422
:2013E0006D00B203F62C911000F7D9FF88DE09FF0E0916F03B000E005F0F2580DA006E0FFB
:20140000DA006E0DDA016E0B91000048D944C4A16D005760DA006E033C013C0040C46D006F
:20142000121E911000F7D9FFE8D791100027D922E8D7092FCE18C21F89FF8E1882021D00FD
:201440003A01D805BD0F2580DA006E0FDA006E0DDA016E0B91000048D944BCB16D003160A2
:20146000DA006E033C013C00911000F7D9FFE8D791100027D922E8D7092FCE18C21F89FF70
:201480008E1840C46D00DF1D82021D00140109EFC608BBF0F30F260F6E3BDA006E2FDA00E1
:2014A0006E2DDA016E2B09E4C4086DFF68EB022909E4C2086DFF63EB022A09E4C6086DFFB6
:2014C0005EEBB70293F6538F200074A909CFC808780189AA080909EFC6081620BA0FBA0F6F
:2014E000780389A0100991000048D9449CC16D00E85FDA006E033C013C0040C46D0073047C
:20150000402C7CC482021D00D60009CE8409DA006E0FDA006E0DDA016E0B91000048D9444E
:20152000B8D16D00CE5FDA006E033C013C00DA006E15DA006E13DA016E1109CFCA0874AFE5
:2015400009CFC808780191000048D94488E16D00B85FDA006E033C013C00911000F7D9FF53
:2015600088DE09A29409F4F2911000F7D9FF88DEE81D911000F7D9FF88DEE82E911000F778
:20158000D9FF88DE14EF160F534F20F0ACF640C402846D00ED1E0CE98210BE0182603E0A1F
:2015A0003B1001003E023C1040C440D56D0018643C5940C440D56D0078353C5440C440D5E0
:2015C0006DFF21F93C4F911000F7D9FF88DE09F4120909A494096D00B702DF021480911086
:2015E00000F7D9FF88DE09FF120916F03B000E003E0940C402846D00FC1D822440C46DFFD7
:20160000FDF8DA006E11DA006E0FDA016E0D0CE974AF91000048D944ACE16D00525FDA003C
:201620006E033C013C00911000F7D9FFE8D791100027D922E8D7092FD818C21F89FF9818CE
:20164000911000F7D9FFE8D791100027D922E8D7092FCE18C21F89FF8E1840C46D00F31C2C
:201660003C01911000F7D9FF88DEA002F4F2911000F7D9FF88DEA002E812911000F7D9FFED
:2016800088DEA002E822911000F7D9FF88DEDA00ACF6911000F7D9FF88DEDA0089FF0E0997
:2016A000911000F7D9FF88DEDA0089FF120982023C0100902018404FDA006E32DA006E30CD
:2016C000DA016E2E91100027D92288DE092F120974AF481F780191100027D92288DE0920C2
:2016E0001209482F26F089A00809481F4820260F780391100027D92288DE09201209482FA5
:2017000082F1C61F26F089A0100991000048D944F0116D00D65EDA006E033C013C0009FFB5
:2017200069082E03DA013C02DA006E2E481F6E2C91100027D92288DE09201209481F3E0C59
:2017400091100027D92288DE0924120940F46D00FB01DF021A00DA006E15DA006E13DA01ED
:201760006E1109FF2A0874AF09FF2B08780191000048D944E8416D00A45EDA006E033C01C3
:201780003C0082123C0382023C010090BC66BC53545FEE034075B0456D0004003C0100902C
:2017A0002018404C89A59009406D0B451088026B407E820A0CCE9E1491000028D92290F191
:2017C000F4A23B4035F07801910000F8D9FF9CF1F80291000048D94438006D00725EBD0D3D
:2017E000BA003B4001C03B40014040C46D000818DF022200DA006E0FDA006E0DDA016E0BA3
:2018000091000048D944CC016D005B5EDA006E033C013C00911000F7D9FFE8D79110002724
:20182000D922E8D7092FDC18C21F89FF9C1882E21D000601CCC109C0CA08DA147FF0168002
:2018400091000028D922C011F4A23B8038F0780191000028D9229CF189A28809910000483B
:20186000D94438006D002D5E2888289B8F8820F0A6BF16FF8F8F20F08F882000A60BBB0036
:20188000F00F260B868BA6BF42FA54DF6CF4484FB70F10F842FA484F8F0F1FF042FADA04D4
:2018A0004BFC01028F0044F134FF281914FF8F8F20F0A69F16FF8F8F20F014F08F802000AA
:2018C000A609BB00F00F26098689A69F42FA09C4C8086DFF54E9A81209FFC20842FADA00F8
:2018E000ACF391100027D922A0DE0924C0086DFF46E9A82209FFC40842FA91100027D922DB
:20190000A0DE91100047D944A0DE094FC008C21FB42F09A290097C2891000028D9223020F6
:20192000542F6CF33C03542F6CF3483FB70F10F842FA483F8F0F1FF042FA8F0A1FF0B70A3A
:201940001008420F8F0F1F0042F082FFC6F0A8503C2A09C0CA08DA147FF02180DA006E0FAA
:20196000DA006E0DDA016E0B91000048D944F4216D00A75DDA006E033C013C00911000F7E6
:20198000D9FFE8D791100027D922E8D7092FDC18C21F89FF9C1882E23C52CCC1484F780354
:2019A00049AD0C0A911000F7D9FFE8D791100027D922E8D7092FC818C21F89FF8818DA006F
:2019C0006E18DA006E16DA016E1409EF2A0874AF09EF2B08780109EF6C0878029100004816
:2019E000D944E8316D006D5DDA006E033C013C0009EFE0086E0D09CFC80809E0E0087FF073
:201A0000088040C440E540D66D00C4003C18DA006E0FDA006E0DDA016E0B91000048D94484
:201A2000C0416D004E5DDA006E033C013C00CCE540E440C540D62D0F00003C0100902010A0
:201A4000911000F7D9FFD4D7D4F23C22092F69082E03DA013C02DA006E1A092F69082E23F8
:201A6000DA013C02DA006E134C216E1154404C2226F04C2109210809261F7E023C63092FAA
:201A80006908AE1554404C237E023C5CD422BD02DFFF911000F7D9FFD0D754FF6E269110C5
:201AA00000F7D9FFD0D7D4FF09FF69082E03DA013C02DA006E1A911000F7D9FFD0D7D4FFCE
:201AC00009FF69082E23DA013C02DA006E0E911000F7D9FFD0D7D4FF481F6E07544F16FF4F
:201AE0003BF007005F0F2980DA006E17DA006E15DA016E13144F74AF0C4178010C42780271
:201B00000C43780391000048D94498B16D00D95CDA006E033C013C00911000F7D9FFE8D727
:201B200091100027D922E8D7092FD618C21F89FF9618A0023C07911000F7D9FFD0D7D4F224
:201B40003C01009082FFC64F6E02F64382123C20094F6908AE1382023C1B4C417E43820252
:201B60003C174C420FF480004C4109410809261F7E0D4C4282F0C60F26F44C4282F0C60F85
:201B800082F0260F7E4382123C0382023C0100902020404C89A5940989A69C098208D805E7
:201BA00009F0E0088BC01E00DA084BF00102370070903B4001A0CCC1F80614FF160F534F03
:201BC0002000DA143E0482A21D000C0109C0CA08DA147FF01880910000F8D9FF2C42F4AF65
:201BE0003BC02FF07801910000F8D9FF0462F80291000048D94438006D00635C82A21D00F6
:201C0000F10009F4C6086DFFBAE7B70293C63B0000B2262B09CFC8088BCF1EF0370F70D015
:201C20001D00DA00538920F0370F70F07FFD048002DE3C05538920F0370F70E03B000140FC
:201C40003B4001503B0028606D005716402D7CD31D00C60009D0CA08DA147FF0158091004E
:201C60000028D9220852F4A23B4032F07801910000F8D9FF0462F80291000048D94438004C
:201C80006D001F5C09D484093B40014009A598096D00860CCCD1F80402EF3C5909C0CA082E
:201CA000A2A03700708009C0CA087FA01680910000F8D9FF2852F4AF3BD0320089A004097A
:201CC000910000F8D9FF0462F80291000048D94438006D00F65B7F8F048002F83C01F68414
:201CE000820AD4CC3C346D009C02402E7CE540D46D00A9193C7482043B10046009C28409EE
:201D0000012A0056028540E402876D00591789A28C097C2840E46D00890240D46D00931984
:201D20003C5E40C46D00081B89EC9409911000F8D9FFB002ECE440D409A58C096D00841711
:201D4000A28F370F70F06E03820AD4CCEEA8428A370A70A0D80509FFE0088BCF1EF00BDF3D
:201D600040F1B70C93466E0276B3B71C93466DFF06E7D804A8328B4E01F0370F70406DFF16
:201D8000FEE609A4900989428208DA00AC453B4001406DFFA5F8A85209A49409CC4540D5CA
:201DA00009A69C092D0F0000911000F7D9FFE8D791100027D922E8D7092FF008C21F89FF49
:201DC000B00840D46D003F19A2ED370D70D0429C370C70C0DF0D28FF82023C0382F23C0187
:201DE00000902010404C91100027D922E8D791100047D944E8D7094FF208C21F892FB208AC
:201E0000CCC114FF160F534F2000DA145F0F2100DA006E0FDA006E0DDA016E0B91000048E5
:201E2000D944E0E16D004D5BDA006E033C013C0091100027D922E8D7911000F7D9FFE8D73A
:201E400009FFC418C21F892F84181D00C70109F4C6086DFF94E6B70293F6538F208009F412
:201E6000C2086DFF8CE614FF160F534F20007F0204801D00B301A2023702709040C46D009C
:201E80005917022A91100027D922A4DE0920C00842A0DA0A7F0F3B0040F402A46D00500446
:201EA000762B91100027D922A4DE0920C00842A0DA0A7F0F2C00DA006E1ADA006E18DA012E
:201EC0006E16911000F7D9FFA4DE09FFC00874AF89AA0409DA0A780291000048D944D0F144
:201EE0006D00EF5ADA006E033C013C00911000F7D9FFE8D791100027D922E8D7092FFC087B
:201F0000C21F89FFBC081D00690191100027D922A8DED42D3C3609D01409483F7E0C09D071
:201F20001809484F7E0809D0CC0809FFC4087E03DA013C02DA006E24DA006E14DA006E1226
:201F4000DA016E1009F4C4086DFF19E674A291000048D9440C026D00B45ADA006E033C01D7
:201F60003C0091100027D922E8D791100047D944E8D7094FC618C21F892F86183C04D4DD81
:201F8000BD0DCBFF7CDA40F402A46D00CF02402D7CD31D0023013C1609F4C6086DFFEFE5E5
:201FA000B70293F6EE0F09D4CE086DFFE8E5B70293F66E0849D4080A3B40014040F56D00B1
:201FC000EF0A09FFC60816208B0F00B276BC1A98370F70003F800680BBB0FE1F7F010400C5
:201FE0001D00C70040D440C502B46D003B01022CDFFC04801D00BD00911000F7D9FFA4DE2C
:2020000091100027D922A4DE0920C008420AB4FADF0B1E004298370870F0ACDE09DF5E0837
:20202000960189DF1E08DA006E12DA006E10DA016E0E09DFDC0874AF91000048D9443C024F
:202040006D003F5ADA006E033C013C00DF1C788009DFDC088B4F01F0370F70F0CCD1C81F02
:20206000D4FCCCD1C81F49D5080A3B40014040F46D00960A02F46DFF82E5A812DA00ACF3E3
:20208000DA00ACF53B40014040F46DFF29F7A85209DE84093C0CCCC13B40014040C46D00D9
:2020A000671940E440C56D00CF15D4FCBD0CF5FF911000F7D9FFA8DED4FF7DFD0480A0052D
:2020C0003C0E911000F7D9FFA8DED4F53C06D45F7DDF03803C04D455BD05FBFF40D46D00FD
:2020E000F80140E46D0026160228911000F7D9FFA4DE09FFC0087F8F1580910000F8D9FF2A
:202100000C22F4AF3BB029F07801910000F8D9FF0462F80291000048D94438006D00D159EB
:20212000911000F7D9FFA4DE91100027D922A4DE092FC008A28FB4FF40E23C71DA006E1657
:20214000DA006E14DA016E12911000F7D9FFA4DE09FFC00874AF91000048D94428226D0036
:20216000B059DA006E033C013C00A0023C58BD0D1580910000F8D9FF0432F4AF3B802AF0EE
:202180007801910000F8D9FF0462F80291000048D94438006D0095594CD1EE1F911000F7BA
:2021A000D9FFA8DED4FF7DFD1500910000F8D9FF1032F4AF3BB02AF07801910000F8D9FF3A
:2021C0000462F80291000048D94438006D007959A00540D46D007D01DA006E0FDA006E0DE2
:2021E000DA016E0B91000048D94430326D006959DA006E033C013C00911000F7D9FFE8D711
:2022000091100027D922E8D7092FF608C21F89FFB60840C46D001717A0023C0100908254FB
:202220006D00D50A3C0100902010404CBD0C1580910000F8D9FF0842F4AF3B402CF078010D
:20224000910000F8D9FF0462F80291000048D94438006D003659825440C46D004F0A009063
:202260002010404D405E0249A00F821A09EC840909C4C2086DFF83E414CF160F534F2000B7
:202280007F02058082F21D002301A2023702708009C4C6086DFF73E4B70293065380200013
:2022A0003C14910000F8D9FFE8B1F4AF3BF016F07801910000F8D9FF0462F80291000048ED
:2022C000D94438006D00FD5809EC8409A002F4C289C084081A80ACC309CFC6087F0F058076
:2022E00082F21D00F50009D284093C490924840909CFC4080940C4087F0F2880F4C2BD0F40
:20230000190009CFC40809F0C6083F0F088009CFC6080940C4087FF0058082F21D00D8004B
:20232000F4FE09F0C60809CFC4083E02820A3C0C09CFC6080940C4087FF0058082F21D00EC
:20234000C70089DE84093C1D09C0C408094FC4087E0482F21D00BC0009CFC4080940C60826
:202360007F0F058082F21D00B300BCF709F0C608094FC4083E02820AD442404FBD02B8FF81
:20238000BD023D80BD0F240009FFC60809C0C4087FF0168091000028D922D4C1F4A23B60E7
:2023A0001BF0780191000028D922046289A2880991000048D94438006D008358F4FE09F062
:2023C000C60809CFC4083E02820A3C184CD16E14910000F8D9FFF4C1F4AF3BE01BF0780174
:2023E000910000F8D9FF0462F80291000048D94438006D00665889DE8409F69509DF5E08F6
:202400006F0F6400DF0A5D004CD16E06CCD1C81F09FFC4086E03820A3C5340C2D4CF3C0B33
:20242000C81C0920C60809CFC4083E03820A3C0540C2D4CFBD0FF6FFDF0A43004CD1EE145E
:20244000910000F8D9FFECD1F4AF3BF01DF07801910000F8D9FF0462F80291000048D94453
:2024600038006D002E58CCD1C81F7DCF1580910000F8D9FFECD1F4AF3B001EF078019100B8
:2024800000F8D9FF0462F80291000048D94438006D00175854CF6E14910000F8D9FFFCD12F
:2024A000F4AF3B201EF07801910000F8D9FF0462F80291000048D94438006D00025876A3C8
:2024C00082123C0282023C0382023C0100902010404C405D911000F7D9FFA8DED4FF7DCFA8
:2024E0000980911000F7D9FFA8DED4C2F4F23C18BD0D1580910000F8D9FFCCB1F4AF3B5022
:2025000014F07801910000F8D9FF0462F80291000048D94438006D00D457D4CFF4DF82447B
:2025200040C46D00EB080090404C024F82446D004E09402DBD0D2D8040C402F46D000001F4
:202540003FF2060082446D004209402DBD0D2180911000F7D9FFE8D791100027D922E8D73D
:20256000092FFC08C21F89FFBC08DA006E0FDA006E0DDA016E0B91000048D94410826D00FD
:20258000A057DA006E033C013C00A0023C1E82043B00025040D46D003E09DA0F89DF1F0831
:2025A000911000F7D9FFA8DED4FFF4DF911000F7D9FFA8DEF4FD49D4080A3B40014040C5A8
:2025C0006D00EE0740D23C0100902010404C405D82097DCD148091000028D9223852F4A224
:2025E000DAAB7801910000F8D9FF0462F80291000048D94438006D006457BD0D1700D4DF32
:202600007DCF1400910000F8D9FF3862F4AFDAAD7801910000F8D9FF0462F8029100004822
:20262000D94438006D004D57CCC1C812092FC408EE3009CE8409D42FECC109E4840949C50F
:20264000080A3B4001406D00AB07821440E46DFF41F440E46D006E1302281A89BBF0FF0F9A
:202660007FF01400910000F8D9FF0C72F4AFDABC7801910000F8D9FF0462F80291000048AC
:20268000D94438006D001D57428940E46D00DB14CCC13C26C81240FED42F40E46D004A13C1
:2026A00002281A89BBF0FF0F7FF0150091000028D9220C72F4A2DACC780191000028D92275
:2026C000046289A2880991000048D94438006D00F85642893709709040E46D00B414BD0FBF
:2026E000DBFF40C440D56DFFF4FE911000F7D9FFA4DE09FFC0087F9F1480910000F8D9FFB4
:202700002C72F4AFDAD27801910000F8D9FF0462F80291000048D94438006D00D25691102E
:2027200000F7D9FFA4DE91100027D922A4DE092FC008A29FB4FF02923C010090404C0248D8
:202740008209A004A002A005820A911000F7D9FFA8DED4FF3C23485F09C00C097E0A486F8B
:2027600009C010097E0609FFCC0809C0C4083E03DA013C02DA006E0EC21A7C4440F440259D
:202780003C0909FF5F0809405F083FF0048040F4402554FF6E0240F2D4FFBD0FDEFFBC4418
:2027A0006DFF15FF42297F890400FF2ACC7F02923C0100902008A00F91100027D922A8DE2D
:2027C000D42C3C3409CF5F086E1C09CF5F08C2FF89CF1F08DA006E12DA006E10DA016E0E38
:2027E00009CF5F0874AF91000048D944F0A16D006856DA006E033C013C0040CFD4CC3C1600
:20280000DA006E0FDA006E0DDA016E0B91000048D9442C126D005556DA006E033C013C00A8
:2028200040C4D4CC40F56DFFD2FEBD0CCDFF00902010404CBD0C158091000028D92214423A
:20284000F4A23BE02CF07801910000F8D9FF0462F80291000048D94438006D0032567DCC05
:20286000150091000028D9222042F4A23BF02CF07801910000F8D9FF0462F802910000483D
:20288000D94438006D001D564CC56E0509C494096D00D91340C46DFFC9FC0090A0041D0036
:2028A000080091100048D9449C221DFFF8DC404591100047D944ACDE1D001B00910000F788
:2028C000D9FF045054FFEE05DA0174FF1D00030000906DFFE8FF910000F8D9FF302054FF31
:2028E0006E06C4F22D02000054FFEEFC00902008404CF4A53C16D4A2D4DFBC26C8347D246B
:20290000040040FD3C0FD4F2F4D2D4CEC822C8142D02000040F46DFF03EDD4CF7DEF030066
:2029200040CD54DFEEE9009020306DFF7AD2910000F8D9FF348209F5C40854F46DFF8FEDD7
:202940006D00AB616D0038296DFF6DA06D0008196D000916910000F8D9FF709149FF000AE9
:2029600049A2000AA05404FF242FFC4E910000F8D9FF3C8249FF000A49A2060AC504260073
:2029800004FF242FFC4E49A4000A49A5060A3B7002406DFFF7EC3C056D00B1566D001755D8
:2029A0003CFC0090C234B70402F06E659249DF096300910000F7D9FF5C2454FFEE158204F7
:2029C0006DFFB9DB802F325F160392446DFFB3DB8020DFF051001022F4F291000047B54227
:2029E000582482007420D4FC820A3C0310CCB0FC54CF6E036F0FFCFFF4FC3C1DB70801F01C
:202A000010CF6F08188054FFEE1182046DFF93DB49F4040A7D420F80325802846DFF8BDB9B
:202A2000802F1EF874CA82083C0CAE0442F874C840CF40FC54C876856F08E2FF3F98E0FF29
:202A4000DF082680BF19180002946DFF74DB802F9EF249CF040A01F220F4EE0D012F30F4ED
:202A6000EE12802F325F1603102F92446DFF63DB802F5EF3A002009001CF2020802F9601B6
:202A800074CF40FC01C900F674FA3C0A9A493FF8078001C900F6A29874F83C0202898F19CB
:202AA00040F174CF49C2040A00902010404CBD0C1480DA006E0FDA006E0DDA016E0B91004F
:202AC0000048D9446C626D00FC54DA006E033C013C001D00140180CF16036E33910000F87E
:202AE000D9FF2492F4AF3B3027F07801910000F8D9FF6832F80291000048D94438006D001A
:202B0000E054DA006E0FDA006E0DDA016E0B91000048D94408A26D00D454DA006E033C01C4
:202B20003C00911000F7D9FFE8D791100027D922E8D7092FF428C21F89FFB4281D00DF0013
:202B400040CDB08D80DF911000F7D9FFB4DE54F03F0F0C8049CF0C0A80FF911000F7D9FF8F
:202B6000B8DE54F07FF03480910000F8D9FF2CA2F4AF3BF027F07801910000F8D9FF6832D0
:202B8000F80291000048D94438006D009A54DA006E0FDA006E0DDA016E0B91000048D944BC
:202BA00008B26D008E54DA006E033C013C00911000F7D9FFE8D791100027D922E8D7092F5F
:202BC000F428C21F89FFB4281D00990009CF7CF8EE32910000F8D9FF24B2F4AF3BC028F085
:202BE0007801910000F8D9FF6832F80291000048D94438006D006554DA006E0FDA006E0D67
:202C0000DA016E0B91000048D9440CC26D005954DA006E033C013C00911000F7D9FFE8D78F
:202C200091100027D922E8D7092FF428C21F89FFB4283C6440D46D00DA00DF023380910059
:202C400000F8D9FF34C2F4AF3B5029F07801910000F8D9FF6832F80291000048D9443800CB
:202C60006D002F54DA006E0FDA006E0DDA016E0B91000048D94428D26D002354DA006E0345
:202C80003C013C00911000F7D9FFE8D791100027D922E8D7092FF428C21F89FFB4283C2E07
:202CA000DA0089CF3CF880DF911000F7D9FFB0DE54F07F0F0780911000F7D9FFB0DEF4FD09
:202CC000911000F7D9FFE8D791100027D922E8D7092FF02809C0F8F891100027D922B4DEE5
:202CE000D422012D2020802137017010A210A20F89FFB02840D46D008203009020103C143E
:202D0000910000F8D9FF7852F4AF3B8020F07801910000F8D9FF6832F80291000048D944B6
:202D200038006D00CE53911000F7D9FFB4DE91100027D922BCDE802FC24FC2FFB70F02F035
:202D400074FF911000F7D9FFB4DED4FF3B0040F6B4FFDA00ACF1DA002CF4911000F7D9FF26
:202D6000B8DE3B0040466D000504F4F2911000F7D9FFB8DED4FFDA012CF4911000F7D9FF5C
:202D8000B8DED4FF3B0040F6B4FF911000F7D9FFB8DED4FF3B0040F6ACF1911000F7D9FF4F
:202DA000B0DE91100027D922B4DED422F4F2911000F7D9FFE8D73B0040F689FFAE28DA007C
:202DC0006E14910000F8D9FF5062F4AF3BF021F07801910000F8D9FF6832F8029100004838
:202DE000D94438006D006D530090404F40F46D00B601022809F4C0086D00BC03402C09F456
:202E0000C2086D00B70309FFC0083B0040063FF0188009FFC2083B0040063FF0128009FF8D
:202E2000C2083E84092FC0087E8B911000F7D9FFB8DED4FF7DFC070009CFC2083E838202BD
:202E40003C0382123C0100902010F644A0021D0085019A44C2FFB70F02F0370F7080FFC8CF
:202E600004803BC000803B0040063F8004807F480580A0021D007201911000F7D9FFB0DE13
:202E8000D4F46D006C0102291D00430102946D007103402C0CC4DF0F378109C0C0088B8906
:202EA0000010A2103F80308109C0C0088B890010A2108B8800F08BCF00F03FF05F808B890A
:202EC00000F0428F370F70A03B0040F6FEA491000028D9224802F4A23B7038F07801910057
:202EE00000F8D9FF6832F80291000048D94438006D00E75202A46D003D03DA002C2409C054
:202F0000C008B42089298208B4CADA012CC40920C0083B0040F63E070924C0086D002A035A
:202F2000B022B42A91100027D922E8D7911000F7D9FFE8D709FFF0288B880000420F892FF4
:202F4000B028911000F7D9FFE8D709FFF228911000F7D9FFE8D709F0F0287F0F0E8091104B
:202F600000F7D9FFE8D791100027D922E8D7092FF02889FFB2283C30DA012CC4911000F7C0
:202F8000D9FFE8D791100027D922E8D7092FF02809C0C008420F40C46D00E100A22F89FF3B
:202FA000B028911000F7D9FFE8D709FFF228911000F7D9FFE8D709F0F0287F0F0E809110EB
:202FC00000F7D9FFE8D791100027D922E8D7092FF02889FFB228911000F7D9FFB0DED4FF5E
:202FE0007DFC4080911000F7D9FFB0DED4F23C050924C0086D00BE020C246E08911000F733
:20300000D9FFB8DED4FF7DF2F5FF911000F7D9FFB0DEF4F2911000F7D9FFB0DED4FF9110B6
:203020000027D922B8DED4227D2F1C00911000F7D9FFB0DED4FF084F6E14910000F8D9FF0F
:203040005C02F4AF3B503BF07801910000F8D9FF6832F80291000048D94438006D0031522D
:2030600080CF8B8F00F042F8911000F7D9FFB8DE54FF7F8F1580910000F8D9FF7802F4AF43
:203080003B903BF07801910000F8D9FF6832F80291000048D94438006D00135280CF8B8F63
:2030A00000F082404B0F1102DF011500910000F8D9FF6812F4AF3BB03BF07801910000F866
:2030C000D9FF6832F80291000048D94438006D00F85180CF16036E14910000F8D9FF5822DB
:2030E000F4AF3BD03BF07801910000F8D9FF6832F80291000048D94438006D00E25149C2B0
:20310000080A3C2B02946D0035020929C0083B0040F6A28F3FF9BCFE911000F7D9FFE8D73F
:2031200091100027D922E8D7092FEC28C21F89FFAC28DA006E10DA006E0EDA016E0C74A865
:2031400091000048D9447C226D00BB51DA006E033C013C00A0023C010090911000F7D9FFBF
:20316000B4DED4FF01F420F080FF370F70203C0100902010404C9A44C2FFB70F02F0370F6A
:203180007080FFC804803BC000803B0040063F8004807F480580A0021D00300180C0911098
:2031A00000F7D9FFB4DE54F13F100A8080C0911000F7D9FFB8DE54F13F101580910000F898
:2031C000D9FF1CE2F4AF3B102DF07801910000F8D9FF6832F80291000048D94438006D0005
:2031E000705180C0911000F7D9FFB4DE54FF3FF00A8080CF911000F7D9FFB8DE54F03F0FD9
:203200002280DA006E0FDA006E0DDA016E0B91000048D94434E26D005451DA006E033C0166
:203220003C00911000F7D9FFE8D791100027D922E8D7092FF428C21F89FFB42840C21D00E9
:20324000DD0040CDB08D40D46DFF89FF022909C0F8F8A29037007000C280370070A07F8AF0
:203260001580910000F8D9FF28F2F4AF3B402EF07801910000F8D9FF6832F80291000048BB
:20328000D94438006D001D517F8A0580A0021D00B5005FA8058040C21D00B00009C4F8F8E4
:2032A0006D006801402E0CE4EE5209C0F8F83B0040F6FE0491000028D9224802F4A23B504F
:2032C0002FF07801910000F8D9FF6832F80291000048D94438006D00F45009EBC0088B89B2
:2032E00000F0428F370F70C0911000F7D9FFB0DED4FF7DEF0A80911000F7D9FFB0DE02C40C
:203300006D003801F4F202C46D003401DA002C24B42B89298208B4DC0920C0083B0040F682
:203320003E070924C0086D002501B022B42C911000F7D9FFE8D791100027D922E8D7092F25
:20334000F028A28AA2AF89FFB0283C558B8800F08BCF00F03FFA50808B8900F0428F370F76
:2033600070B009C0F8F83B0040F6FE04910000F8D9FF4802F4AF3B6031F07801910000F8F5
:20338000D9FF6832F80291000048D94438006D00985002B46D00EE00802F911000F7D9FF0E
:2033A000B0DE54F07F0F0780911000F7D9FFB0DEF4F2DA002C2409CFF8F8B42F8929820831
:2033C000B4DB0920C0083B0040F63E070924C0086D00D000B022B42B911000F7D9FFE8D7A5
:2033E00091100027D922E8D7092FF028A28AA2AF89FFB02840C23C0100902010404C80CF44
:2034000091100027D922B4DE54207F0F158091000028D92210F2F4A23BF01DF07801910032
:2034200000F8D9FF6832F80291000048D94438006D00475080CF911000F7D9FFB8DE54F05D
:203440003F0F1580910000F8D9FF5442F4AF3B001EF07801910000F8D9FF6832F8029100A7
:203460000048D94438006D002C500CC46E14910000F8D9FF7042F4AF3B101EF0780191005B
:2034800000F8D9FF6832F80291000048D94438006D00175009CFC0083B0040067FF01580A1
:2034A000910000F8D9FF4C52F4AF3B401EF07801910000F8D9FF6832F80291000048D9447D
:2034C00038006D00FE4F09C4C0086D0053007D2C29000C24EE26911000F7D9FFB8DED4FFB6
:2034E0007DF22000911000F7D9FFB0DED4FF7D2F0780911000F7D9FFB0DEF4FC092FC0084B
:20350000B4CF092FC0083B0040063E0B0924C0086D003000B022402F40C46DFF20FEB4F257
:2035200009C4C2086D002600402F7DCF2200084FEE1F91100027D922B0DED4227DC2078013
:2035400091100027D922B0DEF42F09CFC008B4FF09CFC0083B0040063E0B09C4C0086D0038
:203560000900B022402C40F46DFFF9FDB4C20090911000F7D9FFB4DED4FF01F400263C013B
:2035800000903C09144F1450C2F43E0352020090B014B015DF04F8FF82020090DF0430002A
:2035A000404FBF842780804F8F3F000180518F3100115F101F802E06C2F4045F344F494FDC
:2035C000010A80FF2E16045F24FFC2E4045F24FF8F7400018FD41FF06E0B02F14052C2F144
:2035E00060160922480189F24801FC6CD05502047646C2F46042045F24FFFC2E40420090B4
:203600002010404F405C80CF82404B0F1102DF01160091000028D9226892F4A23BC016F096
:20362000780191000028D922747289A2880991000048D94438006D00444FC812C814094F7F
:20364000C808C2FFAC24C842D422F4C2C84FF4FC00902010404FC842D42CBD0C3400C842EC
:20366000D4C4F42480CF82404B0F1102DF01160091000028D9225072F4A23B8011F07801E5
:2036800091000028D922747289A2880991000048D94438006D00154FC812C814094FC808F7
:2036A000C21FAC24C812092FC808C8120920CA087FF00780C812C81F09FFC808AC2540C240
:2036C0003C1BC812C814094FC408C21FAC22DA006E11DA006E0FDA016E0DD4FFF4AF9100FD
:2036E0000048D94460826D00EC4EDA006E033C013C00A0023C01009020104045BF9416800B
:20370000910000F8D9FF48A2F4AF3BA01AF07801910000F8D9FF7472F80291000048D94426
:2037200038006D00CE4E3C0D7C523C0B534420F0910000F8D9FF64A210FFD4F46DFF62FFB8
:20374000009082083C1E534820F0910000F8D9FF64A210FFD4F46D001800534820F091103B
:2037600000F7D9FFE8D710F2534820F0910000F8D9FF64A210FFD4FFC81F892FB829C2186B
:20378000BF98E3FF0090CC44A002F4F24C43C24FC2FFB70F02F060FF82003C0C09429009A2
:2037A000D422F4F209429009F42F094FC80810FFC210094FCA083FF0F37FCC41094FCA081B
:2037C000ACF3CC41D442F4F200902010BF941780910000F8D9FF4892F4AF3B7015F0780190
:2037E000910000F8D9FF7472F80291000048D94438006D00664EA0023C0C534420F0910017
:2038000000F8D9FF64A210FFD4F46DFF24FF3C010090404FBF852380804F2E05C2F53444F8
:20382000494F010A80FF2E1424F4C2E524F48F7500F106D5DF051200D200764A3704680052
:203840008F802010A6108F002110A6100201C2F5605289F04801FC2E02F57655C2F560527A
:2038600024F4FC2F40420090024F370FE81B8F1F1E00DAFF7E17024F7444B70F89FB6E124C
:203880003C0B8FF00150DA7F7FF10900DA00B70F81FFA65F744F02420090DA963FF10A00D9
:2038A0007444DA00B70F81FF8FF00120A6F20090B704890B8F71012082F38B6109110F135B
:2038C00000302630B700890BA652A60274426B0231F4B70F812FA652009049AA00CA4045EF
:2038E000820849A6004A49A4000A6D00235ADA0082003C2201A000F609F100083BA00020D6
:203900005F210F8010AF3BD0001089F10028C21F10AF3BA0001089F10028C21F3C0910AF0A
:2039200001A000260921000889F10028C21FC21837085080C21001A000F609F10008DF01D7
:20394000DBFF10AFDA0089FF0028DA003C0910AF09F00028370068406DFF79D4C21F10AF0D
:2039600009F00028DF00F5FF00904C4309400409AEF56F700480EFCF0580BBF0FF2F3C067A
:20398000B70F91F7C2CF370F70203C0100902010404CBD0C158091000028D922DCE0F4A285
:2039A0003B401FF07801910000F8D9FFBCB2F80291000048D94438006D00834DDA016E1077
:2039C000DA006E0EDA016E0CF4AC91000048D94484126D00764DDA006E033C013C0091008B
:2039E00000F7D9FF70343C01BD0F1480DA016E0FDA006E0DDA016E0B91000048D9449C1212
:203A00006D005F4DDA006E033C013C0082F23C17ECC7DA6589CF2A08DA6E89CF2B08911012
:203A200000F8D9FF2ABFECC5911000F8D9FFE673ECC640C46D004C0082023C010090404F03
:203A400040F46D004D01402C7CC382023C3F09C284090924CE086DFF92D83B0080F03E258E
:203A60003B6080F03E223C1CC84240C440F52D020000DF021500DA016E0FDA006E0DDA0193
:203A80006E0B91000048D9446CF26D001A4DDA006E033C013C0040C46D00D50A3C15DA0145
:203AA0006E0FDA006E0DDA016E0B91000048D94490026D00064DDA006E033C013C0040C4D0
:203AC0006D00C10A3C0182023C01009049AA18BA404C09CD9C09DA0689CF2808DA003C0CCA
:203AE00010C291000047D9446C24104F09F0700889202208C21FBF6FF57F3BC05DF089CFA9
:203B0000A008DA0A89CF290849A4000A9120005FD955000D6DFF07B3DA042CA4910000F8F1
:203B2000D9FFBCF2F802DA0189AF1508DA0089AF160809CF620889AF170809CF630889AF91
:203B4000180809CF640889AF190809CF650889AF1A0809CF660889AF1B0809CF670889AFE9
:203B60001C08DA017808DA0189AF2609DA0989AF2D08DA0189AF2C08DA0989AF3D08DA00B3
:203B800089AF0118DA0189AF3C08DA017819DA01781ADA0089AF3018910000F7D9FF048462
:203BA000F81D910000F7D9FF4C64F81E3B00A1F089AFBC18DA0089AF3028910000F7D9FF28
:203BC0000404F82D911000F7D9FF4C89F82E3B00A1F089AFBC28DA006E0382103C028200C8
:203BE000DA0089AF3038DA6489AFB23889A03438DA0089AF0848DA6589AF8A4889A00C482E
:203C000049A5000A40D46DFF04B2910000F8D9FF7050C814910000F8D9FF70500884DA8072
:203C2000910000F8D9FF705008C5A6F56DFF2FBC912000FF39F0080F910000F8D9FF4060B3
:203C400008CF37F002F0912000FFE9FF080F6D005B4C821440D46DFFB1B8821440D46DFF1C
:203C600084B8912000FF39FF3A3D370FE1F1DF1F368009CF6908960489CF2908912000FFC1
:203C800039FF3A3D16015E18D4DF8210081F370F81F22CF13C07D4DF8200081F370F81F24E
:203CA0002CF1912000FF39FF3A3D370FE2F0EE06D4D482046DFF97AC3C11912000FF39FF6A
:203CC0003A3D370FE2F05E16D4D482146DFF8BAC3C05D4D482246DFF86AC00902008094CC6
:203CE0009C09820240CFDA00530F21F010FF09FFA4193C0108FF370FE1F3BA0F3C016E0A8F
:203D0000DA00530F21F010CF09F4A4193C016DFF2EFEF623A0023C67C22237027050820427
:203D20003B2018606D00E905402DBD0D430082E440D46D00590A820440C46DFF39B1402E43
:203D400040DF3C20C81409F4CA0840E56DFF28FC09FFCA0810EEDA016E14DA006E12DA011E
:203D60006E10C812F4A209FFCA08780191000048D94494F26D00A54BDA006E033C013C0065
:203D8000D4FFBD0FE1FF820440C46DFFFAB0822440D46D00290A911000F7D9FFE8D79110DA
:203DA0000027D922E8D7092FC208C21FACF13C19911000F7D9FFE8D791100027D922E8D79C
:203DC000092FCC08C21FACF6911000F7D9FFE8D791100027D922E8D7092FC608C21FACF31D
:203DE00040D23C0100902010405C094D9C0909C8C808DA016E10DA006E0EDA016E0CF4ACD8
:203E000091000048D944B4326D005B4BDA006E033C013C0082E440C46D00E6090CCC3B1006
:203E200004003E030CCC5E1809C4C808820540D46DFFBDB23C5BDA0040D402F46DFFDDB068
:203E4000BD02FC7F402E3C01820940CF3C3B01E90046C81509F4CA086DFFA2FB09F0CA08BC
:203E60001A09370F7090DA016E14DA006E12DA016E10C812F4A209FFCA087801910000482D
:203E8000D944B8726D001D4BDA006E033C013C003B0080F03FF9168091000028D922A8A2CB
:203EA000F4A23BD012F0780191000028D922BCB289A2880991000048D94438006D00014B21
:203EC000D4FFBD0FC6FFDA00534F21F010DFC85F3C0109FFC8083B00A100370F0EF0ACF406
:203EE000820540D402946DFF62B2DA016E10DA006E0EDA016E0C74A891000048D944BCC27D
:203F00006D00DF4ADA006E033C013C00822440C46D006A09911000F7D9FFE8D791100027C6
:203F2000D922E8D7092FC008C21FB4FFDA016E0FDA006E0DDA016E0B91000048D944A4D2C6
:203F40006D00BF4ADA006E033C013C0082023C0100902018404C405D406E89A7940909A24F
:203F6000980909A4A009BD0C1880910000F8D9FF8CA2F4AF3B7012F07801910000F8D9FF30
:203F80009882F80291000048D94438006D00994AA0021D009601D807BD0F1880910000F86D
:203FA000D9FF98B2F4AF3B8012F07801910000F8D9FF9882F80291000048D94438006D00F6
:203FC000804AA0021D007D017CD5910000D8D9DD30207CE5910000E8D9EE3020D8057CF6DA
:203FE000910000F8D9FF3020F805DA006CC1DA006CC2DA006CC3911000F8D9FF7674ECC5EF
:20400000DA0089CFA008DA0089CF290889C29C09911000F7D9FFD8D714FF89CF2C0889C468
:20402000900940C440D540E609A794096D00E90240C4D8072D0F00007624A0021D00410149
:2040400009C06C08DAFF7E04DA0089CF2C088208911000F7D9FFD4D7D4FFF8043C3B7DCF2B
:204060001580910000F8D9FFA8C2F4AF3BB018F07801910000F8D9FF9882F8029100004883
:20408000D94438006D001D4AC218DAFF7F8F1500910000F8D9FF84E2F4AF3BD018F078012B
:2040A000910000F8D9FF9882F80291000048D94438006D00064AD80409FF6C0809C06C080B
:2040C0007E0709CF6C08C21F89CF2C083C05D4FFF804BD0FC6FFBD0FB5FF09C06C08DAFE6C
:2040E0007E08911000F7D9FFD8D7DA0034FF3C09911000F7D9FFD8D709CF6C08C21F34FF4A
:20410000911000F7D9FFD4D7D4FFF4CF911000F7D9FFD4D7F4FCDA016E15DA006E13DA014F
:204120006E1109CF2A0874AF09CF2B08780191000048D944B4E26D00C449DA006E033C01C1
:204140003C00DA016E0FDA006E0DDA016E0B91000048D94464F26D00B449DA006E033C01E4
:204160003C00DA016E27DA006E25DA016E23BCD314D03C028200BCD30CD13C02DA00BCD473
:2041800009D142083C028201BCD409D243083C02820274A0780189A1080989A20C09910029
:2041A0000048D944B8216D008C49DA006E033C013C00DA016E0FDA006E0DDA016E0B910029
:2041C0000048D944B0026D007C49DA006E033C013C00DA016E27DA006E25DA016E23BCE3EA
:2041E00014E03C028200BCE30CE13C02DA00BCE409E142083C028201BCE409E243083C02BE
:20420000820274A0780189A1080989A20C0991000048D944B8216D005449DA006E033C01B1
:204220003C00DA016E0FDA006E0DDA016E0B91000048D944BC026D004449DA006E033C010B
:204240003C00DA016E26DA006E24DA016E22D805BCF314F03C028200BCF3081F3C02DA009E
:20426000BCF308213C028201BCF308323C02820274A0780189A1080989A20C099100004819
:20428000D944B8216D001D49DA006E033C013C00DA016E0FDA006E0DDA016E0B91000048B7
:2042A000D9448C316D000D49DA006E033C013C008214A00540C46D004A0140C23C010090D7
:2042C0002010404C405DBD0C158091000028D9228492F4A23B906CF07801910000F8D9FFC6
:2042E0009882F80291000048D94438006D00E948BD0D1580910000F8D9FFA092F4AF3BA06E
:204300006CF07801910000F8D9FF9882F80291000048D94438006D00D448F4CD911000F743
:20432000D9FFCCD7D4FFECC1911000F7D9FFCCD7F4FC0090404F405C40F440C56D00791392
:2043400040F440C56D00D75000902018404F405C406D54C0483F3AF0EE3EBD0D168091000E
:204360000028D922BC12F4A23B0025F0780191000028D922988289A2880991000048D9446D
:2043800038006D009E48483F74DF7CC3DA003C0254CF6CF3DA016E1DDA016E1BDA016E19B3
:2043A00009FF2A0874AF09FF2B08780108CF780208DF780308EF780408FF78059100004869
:2043C000D94490426D007D48DA006E033C013C0082123C0382023C0100902010404F405C79
:2043E000406DBD0C168091000028D922BC12F4A23BB01CF0780191000028D922988289A230
:20440000880991000048D94438006D005A48BD0D168091000028D922BC12F4A23BC01CF04F
:20442000780191000028D922988289A2880991000048D94438006D00444854C0481F3AF0AD
:20444000EE2554CF7803481F74DFDA016E0FDA016E0DDA016E0B91000048D9448C226D00DE
:204460003048DA006E033C013C0049A50C0A40D46DFF62FF7CC3DA003C0254CF6CF18214AE
:2044800040F46D008E0082123C0382023C0100902018404F405C406D54C0482F3AF0EE3ED8
:2044A000BD0D168091000028D922BC12F4A23B0021F0780191000028D922988289A2880935
:2044C00091000048D94438006D00FB47482F74DF7CC3DA003C0254CF6CF2DA016E1DDA011C
:2044E0006E1BDA016E1909FF2A0874AF09FF2B087801088F7802089F780308AF780408BF93
:20450000780591000048D944BC226D00DA47DA006E033C013C0082123C0382023C010090D4
:20452000DF041200911000F7D9FFD4D7D4F23C09092F6C08C21F370F68F07E423C06D4223D
:20454000BD02F8FFA0023C0100902010404C0248405D911000F7D9FFCCD7D4FEBD0C158050
:2045600091000028D922B492F4A23BC06FF07801910000F8D9FF9882F80291000048D9446D
:2045800038006D009E473C09D4EF40C4028440D52D0F000009EE8409BD0EF8FF00902010A8
:2045A000404C0248BD0C1580910000F8D9FF8C62F4AF3BD036F07801910000F8D9FF9882B0
:2045C000F80291000048D94438006D007A4709CF69082E2409CF6908AE023C0D6F080C0025
:2045E0004CC16E0909CF69082E3640C5B04540C46DFF81DA00903B40FF2F3C010090201887
:20460000404C405D406F407E82087CD5910000D8D9DD30207CF5910000F8D9FF30207CE537
:20462000910000E8D9EE30208209BCD354DFEE028219769D49A6140A40C440D56DFFCFFEA0
:2046400076268F08418149A2140AF4A240C440F549A60C0A6DFF1EFF76268F08448149AF0F
:204660000C0AF80140C440E549A6100A6DFF6FFE76268F08428149AF100AF802F69D49A69C
:20468000140A40C440D56DFFAAFE76268F08418149AF140AF4AF76888F08484149A5000A0B
:2046A00040C46DFF54FF009020087C423C01911000F7D9FFD0D7F4F4DA016E1CDA006E1ABE
:2046C000DA016E18BC4409402A083C033B700200BC44094F2B083C02DA2774A0780191002A
:2046E0000048D94488526D00EC46DA006E033C013C0000902018BD041680910000F8D9FF98
:204700009472F4AF3B6040F07801910000F8D9FF9882F80291000048D94438006D00D14685
:204720003C10094F69082E2D094F690816FB894F2908DA002CAC824449A50C0A6DFF07FF38
:2047400000902018404FBD0F1680910000F8D9FFB062F4AF3B003EF07801910000F8D9FF47
:204760009882F80291000048D94438006D00A9463C1609FF69086F2F138009FF690896048C
:2047800089FF2908823440F46DFF0BFFDA012CAC824449A50C0A40F46DFFD9FE0090201844
:2047A000404FBD0F1680910000F8D9FFB052F4AF3B0035F07801910000F8D9FF9882F802B4
:2047C00091000048D94438006D007B463C1709FF69086F0F148009FF6908960189FF2908D6
:2047E000DA012CAC3B80004049A50C0A40F46DFFAEFE823440F46DFFD4FE009082056D000F
:2048000004003C0100902010404F0B541088BD0F168091000028D9220842F4A23BF01DF0E3
:20482000780191000028D922342389A2880991000048D94438006D004446BCF5BBF0FF0FA9
:204840007F90048082123C57F69382023C5409F0C8084290370070007F90048082123C4B11
:2048600008CF6F7F2100481FA29F60FC49F2100A012C30F4EE17DA006E13DA006E11DA0114
:204880006E0FF4AC49FF100AF80191000048D944F8426D001646DA006E033C013C0082124F
:2048A0003C2A3C087685481FA29F60FC3C0382123C22DA006E15DA006E13DA016E11C81232
:2048C000F4A289AC840989A9080991000048D944C4626D00F645DA006E033C013C00E81CB1
:2048E00009FFCA08429FACF509FFC80842F9A84982023C01009020100B451088026ADA00A9
:204900006E10DA006E0EDA016E0C74A991000048D944E0426D00D545DA006E033C013C00EE
:20492000DA013EACDA413EAA3B2018F03EAF3B0028F05FAF82001D00CE00A0040B9A1048F0
:204940006D00F400402C1D00DB00A00CA00D029B3B8000406DFF3BF7402E7CEA6D00680456
:20496000BCC440C46D006F03A0021D00DE003B0025009A48C2FFB70F02F0A2F07F0B0480DC
:2049800002BC3C083B0025C09A48C2FFB70F02F0A2FC01E80026492F100A80FFC24FC2FF0A
:2049A000B70F02F060F5820740E40BBC104802A66D002D044CE182404B0F1102DF01150087
:2049C000910000F8D9FFE8D2F4AF3B0010F07801910000F8D9FF3423F80291000048D944BD
:2049E00038006D006E453B0025009A48C2FFB70F02F0A2F0FF101580910000F8D9FF385382
:204A0000F4AF3B2010F07801910000F8D9FF3423F80291000048D94438006D0052457CC3FC
:204A200040EC3C02F4DE40EDA2CB370B70B08208FF1B90FF3C649A48C2FFB70F02009A491D
:204A4000C2FFB70F02F042F0370070008B0001F0370F70409A49C2FFB70F02F03FF008807F
:204A60009A49C2FFB70F02F07FF40480A0023C5C6DFFECF1402C7CC3A0023C5601C800F6C2
:204A800049FF100A80FFC24FC2FFB70F02F060F5820740C40B99104802A66D00B8034CC1F0
:204AA00082404B0F1102DF011500910000F8D9FF2C63F4AF3B2012F07801910000F8D9FF08
:204AC0003423F80291000048D94438006D00F9443C16910000F8D9FF1873F4AF3B7012F01F
:204AE0007801910000F8D9FF3423F80291000048D94438006D00E544A0023C16DA006E1279
:204B0000DA006E10DA016E0E74A989AC840991000048D94434736D00D444DA006E033C015D
:204B20003C0040C23C0100902010404C0B451088DA41BE96DF191500910000F8D9FFE00207
:204B4000F4AF3BA014F07801910000F8D9FF3423F80291000048D94438006D00B244827421
:204B60006DFF35F6402FBD0F2080DA006E1BDA006E19DA016E17DF190780910000F8D9FFBF
:204B8000F8123C05910000F8D9FFFC12F4AF91000048D944F4026D009444DA006E033C01FF
:204BA0003C00A0023C0B820740F440C50B88104802966D002C0340F23C01009020080B4578
:204BC0001088026A404F405C027BDA006E10DA006E0EDA016E0C74A991000048D944C02231
:204BE0006D006F44DA006E033C013C009A48C2FFB70F02F0429F7FFB1580DA006E10DA0054
:204C00006E0EDA016E0C74A991000048D944E0226D005744DA006E033C013C00A0023C12F2
:204C2000BCC79A48C2FFB70F02F010C53C02A005822740F40B99104802A66D00E80240F2D4
:204C40003C0100902010405CBC43BD0C1680910000F8D9FFD0B2F4AF3B9035F078019100DD
:204C600000F8D9FF3423F80291000048D94438006D0027443C40404D3C0809DFC80809C03F
:204C8000C808420FACD4D4DD54DFEEF809DFC80809D0CA08BE0491000028D922C8C2F4A2B0
:204CA0003B2036F07801910000F8D9FF3423F80291000048D94438006D00034454DF6E14B1
:204CC000910000F8D9FFF8C2F4AF3B3036F07801910000F8D9FF3423F80291000048D94464
:204CE00038006D00EE4309DFC80809C0C808420FACD4F4DC00902008404C405F40C440F5D0
:204D00006DFFA2FF40F46D001703DA006E11DA006E0FDA016E0DF4ACF80191000048D94436
:204D2000C8D26D00CE43DA006E033C013C00009082023C05C21237027020D444BD04FCFFD1
:204D40003C01009020100256404F09F5C8086DFFD4FD402C7CC3A0023C1C40C440F56D0019
:204D60001A00DF021500910000F8D9FF2453F4AF3B4052F07801910000F8D9FF3423F802C0
:204D800091000048D94438006D009B4340C23C0100902010404C405D82088209DA006E1203
:204DA000DA006E10DA016E0EF4AC89AD840991000048D944D8E26D008443DA006E033C0175
:204DC0003C00BCC8BCD709C0C80809D1C8087F101980910000F8D9FFECE2F4AF3B903CF04C
:204DE0007801910000F8D9FF3423F80291000048D94438006D0065433B00FF2F1D00C100FE
:204E000009CFCA08A28F09D0CA08A2903F0F068009DFCA08A29F3C0409CFCA08A28F09C225
:204E200084090128004609D284090129005602F46DFFB6F342F842F909CFCA087F8F1580C1
:204E4000910000F8D9FFDCF2F4AF3B903DF07801910000F8D9FF3423F80291000048D94467
:204E600038006D002E4309DFCA087F9F1580910000F8D9FFF4F2F4AF3BA03DF078019100B3
:204E800000F8D9FF3423F80291000048D94438006D00174309DFCA083FF904808209D4DD4A
:204EA00009CFCA08FE8D8208D4CCBD0C1A80BD0D1800910000F8D9FF1003F4AF3B403EF08E
:204EC0007801910000F8D9FF3423F80291000048D94438006D00F5423B00FF2F3C51BD0D15
:204EE0001E0009D0CA0809DFC808FE0854DF6E16910000F8D9FF2003F4AF3B903EF07801DB
:204F0000910000F8D9FF3423F80291000048D94438006D00D64282A23C33BD0C1E0009C0E9
:204F2000CA0809CFC808FE0854CF6E16910000F8D9FF2003F4AF3BE03EF07801910000F8D8
:204F4000D9FF3423F80291000048D94438006D00B84282A23C15BD0D55FFDA006E0FDA00CF
:204F60006E0DDA016E0B91000048D9440C136D00A842DA006E033C013C0082023C010090E1
:204F80002010405C02488209820ABD041780910000F8D9FF3013F4AF3BA040F07801910030
:204FA00000F8D9FF3423F80291000048D94438006D00874282023C45BD0C1780910000F87E
:204FC000D9FF1023F4AF3BB040F07801910000F8D9FF3423F80291000048D94438006D0042
:204FE000704282023C2E404F3C27765B09F0CA083F05088009F0CA08A205370570503C1BF2
:2050000009F0CA08A250370070F07FF80380028F01C90046C8120125005602F46DFFC0F237
:2050200042FA370A70A042F937097090A2F8370870808205D4FF7683BD0FD9FF02A23C01C7
:2050400000902010404FBD0F2A80BD0F1580910000F8D9FF0842F4AF3BC02DF078019100BA
:2050600000F8D9FF3423F80291000048D94438006D002742DA006E0FDA006E0DDA016E0B0B
:2050800091000048D944F4726D001B42DA006E033C013C0082021D00A600DA006E10DA00AD
:2050A0006E0EDA016E0CF4AF91000048D944D8826D000742DA006E033C013C0082081D000B
:2050C0008E0008EFEE1591000028D922E882F4A23B102FF0780191000028D922342389A27B
:2050E000880991000048D94438006D00EA4108EFC2FF370F68F02CFEEE5DD4FCDA006E1066
:20510000DA006E0EDA016E0CF4AF91000048D944C0926D00D641DA006E033C013C0008CFDA
:20512000160F08D06F101D00484FEE1591000028D922DC92F4A23BF02FF078019100002808
:20514000D922342389A2880991000048D94438006D00B741C84240F42D0200003C265E275A
:205160003B80004040F46DFFC9F23C1F5E16827440F46DFFC3F23C19EE0540F46DFF97EC54
:205180003C14910000F8D9FFC0A2F4AF3BF030F07801910000F8D9FF3423F802910000480A
:2051A000D94438006D008D41C2183708688040CF3C158200DF0012008200760F8210760D6F
:2051C000F4AF780191000048D944D4A26D007941DA006E033C013C00A00FBD0F74FF0282EA
:2051E0003C01009082056D0009003C01009082156D0004003C010090CE4532546D00B80085
:205200003C046DFF02FB3C010090A00FF44F894584098944880889458A0889460C0889475B
:205220000D08DA012C4EDA002C4F0090911000F7D9FFDCD7DA0134FF00902010404F024954
:20524000BD0F168091000028D922D432F4A23B8019F0780191000028D922342389A2880998
:2052600091000048D94438006D002B4109F0C8083F0903803C5F09F0C808A29037007080D6
:205280003C2109F0CA085A09370F709009F0C808A280A840D4FFBD0F168091000028D92281
:2052A000EC32F4A23BF01AF0780191000028D922342389A2880991000048D94438006D002A
:2052C000004109FFCA083F9FDEFF08CF160FEE2909FFCA085F9F260008DF6F1F2380C812F5
:2052E00001F22020802F429F370F704040F46DFF42EF402FBD0F168091000028D922C44299
:20530000F4A23BD01BF0780191000028D922342389A2880991000048D94438006D00D140F5
:20532000A859A84954FF6E04D4F46DFF8CFEA002F4F200902010BD041A000C4EC21F2C4E20
:205340000C4EEE14910000F8D9FFFCA2F4AF3B2034F07801910000F8D9FF3423F802910014
:205360000048D94438006D00AC4000902010404F0248BD0F168091000028D9220842F4A2A8
:205380003BB024F0780191000028D922342389A2880991000048D94438006D009240BCF5B0
:2053A000BBF0FF0F7F80048082123C41F68382023C3E09F0CA087F801780910000F8D9FF67
:2053C000EC62F4AF3B5025F07801910000F8D9FF3423F80291000048D94438006D007140C5
:2053E00082123C25C812C81401480046E81409F0CA08A280A85009F0C808A280A840DA00E5
:205400006E14DA006E12DA016E10F4A2C81FF80189A8080991000048D944CC726D0051406D
:20542000DA006E033C013C0082023C0100902010405C02480289820ABD041880910000F848
:20544000D9FF2033F4AF3B304BF07801910000F8D9FF3423F80291000048D94438006D0012
:2054600030403B00FF2F3C7DBD0C1880910000F8D9FF3833F4AF3B404BF07801910000F812
:20548000D9FF3423F80291000048D94438006D0018403B00FF2F3C65094FC8087F8F178019
:2054A000910000F8D9FF1443F4AF3B504BF07801910000F8D9FF3423F80291000048D944AA
:2054C00038006D00FE3F82F23C4CBC46BCC5094FC8087F8F05803B00FF2F3C43404D3C27D8
:2054E000BD0D1580910000F8D9FF3443F4AF3BD04BF07801910000F8D9FF3423F8029100D0
:205500000048D94438006D00DC3F029F09D0CA087F90048009DFCA0809D4840901CA005642
:2055200002F46DFF3DF0A2F942FAD4DDDF09DAFFF6935F8A1500910000F8D9FF0C53F4AFA9
:205540003B804CF07801910000F8D9FF3423F80291000048D94438006D00B33F82023C01DB
:205560000090911000F7D9FFE0D76D00DB47F4F2911000F7D9FFE0D754FF6E34911000F74B
:20558000D9FFE0D7D4F491000058D95530203BA071476D004442022F3B4006406DFF1BCB83
:2055A000EE14911000F7D9FFE0D7D4F491100058D9556475A0066D00084891000048D944A1
:2055C00020B36DFF8CF13C0E911000F7D9FFE0D7D4F46D00164891000048D9443CB36DFFBA
:2055E0007EF100902008406FDA00B4AFDA00ACA1DA002CA4BD0F3800C812092FC008B4AF86
:20560000C8120C23C812092042088F802000420FACA1547F370F6840547F068F370F685040
:20562000547F8F0F1FF0370F6860547F8F8F1E7009AFC008BBF0FF0FFE0309AFC208BB00E6
:2056400010087E0EC812092F58082CA40CA4EE046D000B003C050CA45E636D00D80040F41F
:205660006DFFF1FC009020400B4510880B6710A8910000F8D9FF20D349FF000A49A2000A34
:20568000C504370004F02420FC4E910000F7D9FF6C24B04F3C0114F089A03008081F89AF98
:2056A0003108082F89AF3208083F89AF3308DA1189AF3508DA7789AF3608DA2D89AF3708A9
:2056C0003B8003403B8003503B0028606DFF15F9402FBD0F950091100027D922E0D7D4243F
:2056E00091000058D955ECA13BA071476D00AD4249A5000A3B80034040F46DFF9AFE8FF862
:205700000FF18F8F01008FF90FF18F0F01F0A6F08FFA0FF18F8F00F0A6F08FFB0FF1A6F070
:205720008FF00FF18F8F01108FF80FF18F8F01008FF90FF18F0F01F0A6F08FFA0FF18F8FC1
:2057400000F0A6F08FFB0FF1A6F0BB00F0FF26F08F8000F0A6F18FF80FF18F8F01008FF91F
:205760000FF18F0F01F0A6F08FFA0FF18F8F00F0A6F08FFB0FF1A6F07BF00FF026F00680B1
:20578000A6018FF80FF18F8F01008FF90FF18F0F01F0A6F08FFA0FF18F8F00F0A6F08FFB58
:2057A0000FF1A6F0B70018F08F8F1EF0A6F189A138093BA0714791100027D922E0D7D42461
:2057C00049A6380A40F56D005847F62891000048D94418E36DFF83F03C0791000048D94430
:2057E00038E36DFF7CF091100027D922E0D7D4246D00D34240F46DFF26FC3C0791000048E4
:20580000D94418F36DFF6BF0009020300B4510880B6710A8910000F8D9FF148349FF000A5D
:2058200049A2000AC504270004F02420FC4E3B8003403B8002503B0028606DFF5EF8402F02
:20584000BD0F950091100027D922E0D7D42491000058D955ECA13BD072476D00F64149A57B
:20586000000A3B80024040F46DFFE3FD8FF80FF18F8F01008FF90FF18F0F01F0A6F08FFAC5
:205880000FF18F8F00F0A6F08FFB0FF1A6F08FF00FF18F8F01108FF80FF18F8F01008FF968
:2058A0000FF18F0F01F0A6F08FFA0FF18F8F00F0A6F08FFB0FF1A6F0BB00F0FF26F08F80A7
:2058C00000F0A6F18FF80FF18F8F01008FF90FF18F0F01F0A6F08FFA0FF18F8F00F0A6F0C1
:2058E0008FFB0FF1A6F07BF00FF026F00680A6018FF80FF18F8F01008FF90FF18F0F01F01E
:20590000A6F08FFA0FF18F8F00F0A6F08FFB0FF1A6F0B70018F08F8F1EF0A6F189A12809C7
:205920003BA0714791100027D922E0D7D42449A6280A40F56D00A146F62891000048D944A4
:205940003C836DFFCCEF3C0791000048D9441C936DFFC5EF91100027D922E0D7D4246D007A
:205960001C4240F46DFF6FFB3C0791000048D94418F36DFFB4EF0090200889A58409406C4D
:20598000407D0248BD0CEB0009C9CA08531920406DFF0AE8402F09C5840909C4CA0840F4E1
:2059A0006DFFFEED081F14F08F80200042F0083F08218F81201042F13B0010F03E0991000E
:2059C0000048D94430936DFF8AEF1D00C20008EFDF0FBF803B0010F05F0FBB803B1010F088
:2059E0003E153B2010F05F1FB4803B1010F07E1609F450086D0001013C0509F450086D00A1
:205A0000EC00DA802CFE3B800340531920503B0028606DFF72F7402EBD0E950009A484099C
:205A200040D502846D0011415319204040E440F56DFFFFFC54DF370F682054D0068037009E
:205A4000683054D08F001F003700684054D08F801E508FF20FF18F8F01008FF30FF18F0F9C
:205A60000110A6108FF40FF18F8F0010A6108FF50FF1A6F08FF00FF18F8F01108FF20FF1AF
:205A80008F8F01008FF30FF18F0F01F0A6F08FF40FF18F8F00F0A6F08FF50FF1A6F0BB0044
:205AA000F0FF26F08F8000F0A6F18FF20FF18F8F01008FF30FF18F0F01F0A6F08FF40FF181
:205AC0008F8F00F0A6F08FF50FF1A6F07BF00FF026F00680A6018FF20FF18F8F01008FF339
:205AE0000FF18F0F01F0A6F08FF40FF18F8F00F0A6F08FF50FF1A6F0B70018F08F8F1EF055
:205B0000A6F174A13BD0724749A6000A09A4840940E56D00B245F62891000048D94410A392
:205B20006DFFDDEE3C0791000048D94434A36DFFD6EE09A484096D00304140E46DFF83FAC9
:205B40003C0791000048D94418F36DFFC8EE40C46DFF79FA40F46DFFE3D30090911000F77E
:205B6000D9FFE4D76D00DE44F4F2911000F7D9FFE4D754FF6E30911000F7D9FFE4D7D4F40E
:205B800091000058D95530203BD072476D00473FDF021580911000F7D9FFE4D7D4F49110DD
:205BA0000058D955B855A0066D000F4591000048D94418C36DFF93EE3C0E911000F7D9FF73
:205BC000E4D7D4F46D001D4591000048D9443CC36DFF85EE0090024582246DFF5B89910041
:205BE00000F7D9FF085091000027D9220850542FC21F74FF0090024582146DFF4B8900905F
:205C0000911000F7D9FFE8D791000028D9224C0389F2A8290090404F044FEEFF01F420F0A2
:205C200080F2C2F2009015D0C0E315D0C0F74D40E0FFB72F02F5CD4FE00F0D00C0044D40D8
:205C400020F99601CD4F20090D00C0044D4020F99602CD4F20090D00C004910000F8C502DA
:205C60003F1040F4A0158940C103FC5E49FF200AFC294D4020F96F0FFEFF4D4020F96F1F19
:205C8000FAFF85DFC4F3CD4FE00F0D00C00415D0C0FF15D0C0EB0D0080040D00C00400007E
:205CA00000001D0003000090000000A000902010404C024ABD0C1780910000F8D9FF4C836C
:205CC000F4AF3BD023F07801910000F8D9FF4443F80291000048D94438006D00F23B1D00C3
:205CE000A40009CF5408DE1491000028D9226883F4A23B0024F07801910000F8D9FF4443F5
:205D0000F80291000048D94438006D00DA3B09C05408DA0A7E0C91200047D944201840C5F4
:205D20006D00030840C46D0063043C7E8208820909CB101909CC240909CD902909CE900946
:205D400009CF5408EE2609CFD6086E2291200027D9220C18D42F7DCF0A80912000F7D9FF65
:205D60000C1809C28C09F4F23C11912000F7D9FF0C18D4FF3C09C8327DC2068009C28C0991
:205D8000E8323C04C83FBD0FF8FFA00FECC33C1102A809C9D60891200047D944041840C5A4
:205DA0006D00C307912000F7D9FF0818821034F009CF30196E0509C4B0196D004B0A09CF92
:205DC0002C196E0509C4AC196D00440A09CF34196E0509C4B4196D003D0ADF081D00DA00FA
:205DE0006E0FDA006E0DDA016E0B91000048D9445C936D00663BDA006E033C013C0040C6C0
:205E0000B04609C7D80840C40BBC104840C502966D000B3240C46D00EB03BCD63B30FF4FC8
:205E200040E42D0D0000009082146DFF42FF0090BC46094F54085E1389459809009020104B
:205E4000405CBD0C1580910000F8D9FF60B3F4AF3BF030F07801910000F8D9FF4443F8028B
:205E600091000048D94438006D002B3B40C46DFFDDFF3B30FF2F3C01009020080248821467
:205E80006DFFA5EC402CBD0CB0806D00F503DA006E0FDA006E0DDA016E0B91000048D94445
:205EA000F0836D000E3BDA006E033C013C006D00AD0482146DFF8BEC402CBD0C8480DA004B
:205EC0006E0FDA006E0DDA016E0B91000048D944E4936D00F63ADA006E033C013C003B9003
:205EE00000406D00390482146DFF71EC402CBD0C5880DA006E0FDA006E0DDA016E0B9100BB
:205F00000048D944D8A36D00DC3ADA006E033C013C003B8000406D001F0482146DFF57EC8A
:205F2000402CBD0C2C80DA006E10DA006E0EDA016E0C74A891000048D944CCB36D00C13A84
:205F4000DA006E033C013C0002846D00BD0382146DFF3DEC402CBD0C120091100027D92295
:205F6000E8D7092FBC2991100027D922E8D70922BC29092FC408C2FFACF2BD0C12009110D4
:205F800000F7D9FFE8D709FFBC2991100027D922E8D70922BC29092FC408C2FFACF2BD0CC8
:205FA0001200911000F7D9FFE8D709FFBC2991100027D922E8D70922BC29092FC408C2FF5C
:205FC000ACF2BD0C1200911000F7D9FFE8D709FFBC2991100027D922E8D70922BC29092F62
:205FE000C408C2FFACF2BD0C430082043BC0095040C46DFF10EC89C815083B0043F089CFF0
:20600000A4183B0086F089CFAA0889CFA808DAFF2CCB3B8021F089CFB208DA0689CF801883
:20602000DA0689CFBE0882FF89CFB008DA0189CF8818912000F7D9FF141854FF6CC891201A
:2060400000F7D9FF1C1814FF89CF1E083B0043F089CF8A18911000F8D9FF3E0789CF842989
:20606000BB00D0FD9BDF06F089CF142940C23C010090BC438945900900902010404C405D75
:2060800002487CD5910000D8D9DD3020BD0C1880910000F8D9FF7893F4AF3B902AF0780128
:2060A000910000F8D9FF4443F80291000048D94438006D00063A3B00FF2F3C6D09CF5408DD
:2060C0006E16910000F8D9FF50A3F4AF3BB02AF07801910000F8D9FF4443F802910000480C
:2060E000D94438006D00ED3982A23C55F6886D0007050228F68382E23C4E3C2382003C1F3F
:20610000534020F091000028D92228441022D42FD4FF3C1209FFD6087E8EDA016E0CBCF96A
:2061200054FF6E07BCD654DF6E0454F154DF7E1382823C31C83FBD0FEFFFC210BF40E27FF3
:20614000BCD854DF6E067CD3DA003C0254DF74CF89C89608912000F7D9FF0C18D4FFECC312
:20616000912000F7D9FF0C18F4FC6D00173CDA006E10DA006E0EDA016E0C74A891000048D3
:20618000D94478A36D009D39DA006E033C013C0082023C0100902010404FBD0F18809100BB
:2061A00000F8D9FF5C73F4AF3B801EF07801910000F8D9FF4443F80291000048D94438004B
:2061C0006D007F393B00FF2F3C1DDA006E0FDA006E0DDA016E0B91000048D94474736D008E
:2061E0007039DA006E033C013C0009FF54081E1509FFDA089610ACFD821440F46D00040027
:206200003C0100902010404C0248BD0C158091000028D9225863F4A23BE015F0780191001E
:2062200000F8D9FF4443F80291000048D94438006D004739DF08700009CF54081E4509CF2C
:206240005408DF7F698009CF3819EE0709CFE8083B0086005F0F600009CFDA086F4F158019
:2062600091000028D9224073F4A23B4016F07801910000F8D9FF4443F80291000048D9444F
:2062800038006D001E3909C4101909C5240940C6B04609C6D60809C7D80840C440C56D0042
:2062A000C42F40C46D00A104912000F7D9FF0418D4FF7DCF0A80912000F7D9FF041809C229
:2062C0008C09F4F23C11912000F7D9FF0418D4FF3C09C8327DC2068009C28C09E8323C04C9
:2062E000C83FBD0FF8FFA00FECC3912000F7D9FF0818DA0134FF912000F7D9FF1428D4FF39
:206300007DCF05806D001A263C0440C46D00700182023C5909C05408DA003E08DA015F0F36
:206320002E00DA025F0F39003C4809CFD6086E22912000F7D9FF0C18D4FF7DCF0A809120E4
:2063400000F7D9FF0C1809C28C09F4F23C11912000F7D9FF0C18D4FF3C09C8327DC206803C
:2063600009C28C09E8323C04C83FBD0FF8FFA00FECC340C46D003C013C2440C46D007C023E
:2063800091200047D944101840C56D00CE0440C46D004A013C1691200047D944041840C538
:2063A0006D00C304912000F7D9FF0818DA0134FF40C46D001D013C0540C46D0006003C0375
:2063C00082023C0100902010404CBD0C1580910000F8D9FF7453F4AF3BC019F07801910079
:2063E00000F8D9FF4443F80291000048D94438006D00673809CF540882303E0682403E0DDB
:206400008270BE043C1D40C46D00FB2F022FEE04825089C014083C1640C46D00F22F022F65
:20642000EE04825089C014083C0D40C46D00E92F022FEE053B90000089C014083C0382024A
:206440003C0FEE0540C46D005B283C085EF709CFDA089608ACCD82023C0302F23C0100901C
:2064600020100248404CBD051580910000F8D9FF6013F4AF3B508CF07801910000F8D9FF67
:206480004443F80291000048D94438006D0019387CC302823C1409CFE0086E0F3B80020082
:2064A0007FF007808B8F1DF0370F70F03C02DA007FF803803C0202F802823C01009020104E
:2064C000404C405DBD0C1A0009CF5408DE14910000F8D9FFDCD3F4AF3BD080F07801910052
:2064E00000F8D9FF4443F80291000048D94438006D00E73789CD90290090912000F7D9FF73
:206500001C1891200027D9221C18142FC21F34FF912000F7D9FF0418D4FF3C6609FF5E086A
:2065200091200027D9221C1814205F0F5D0091200027D9221C18142F89FF1E0809FFDA0873
:206540006F0F1F00DA006E0FDA006E0DDA016E0B91000048D944F8036D00B337DA006E030B
:206560003C013C0009FFDA089602ACFD40F46D00C72709FFDA08BBC0FF0F260FACFD09FF8F
:20658000DA086F3F1B00DA006E0FDA006E0DDA016E0B91000048D944D4136D009237DA0063
:2065A0006E033C013C0009FFDA08BB70FF0F260FACFD40F46DFF09FFC83C09FF38196E116C
:2065C00091200027D9220818DA00342F40F46D009604912000F7D9FF081814FF6E023C9958
:2065E00040CF3C02C83FBD0F9BFF00902010404C09CF5408DE13910000F8D9FF7033F4AFC9
:20660000DAD47801910000F8D9FF4443F80291000048D94438006D005437821440C46DFF45
:206620006DE800902010404C09CF5408DE13910000F8D9FF7043F4AFDADF7801910000F822
:20664000D9FF4443F80291000048D94438006D003837822440C46DFF51E80090404F09FF61
:2066600034196E0809F4B4196D00F405A00289F2B4190090912000F7D9FF0418D4FF3C20E2
:20668000C83C09FFDA086F3F1B00DA006E0FDA006E0DDA016E0B91000048D944C0836D009D
:2066A0001037DA006E033C013C0009FFDA08BB70FF0F260FACFD40F46DFF87FE40CFBD0FCE
:2066C000E1FF00902008DA7F7F4F05803BF007403C01F6423C3F9AF48200A00C912000F7B0
:2066E000D9FF0418D4FF3C1C09F155083FF10E8009F15508FE1491200027D9221418542189
:206700004882A2213F010C8091200027D92214185420488FA2F040FC09FF5508C83FBD0FD0
:20672000E5FFBD0C1800DA006E12DA006E10DA016E0EF4AC89A0040991000048D944D45398
:206740006D00BF36DA006E033C013C0040C46DFF6DFB00902010DA08BE453C14910000F8BD
:20676000D9FFC063F4AF3BD06DF07801910000F8D9FF4443F80291000048D94438006D001D
:20678000A0368200A00C91200027D9220418D42F3C1609FF5408FE4291200027D92214180E
:2067A0005421488FA2F13F010A8091200027D92214185420488FA2F040FCC83FBD0FEBFF5B
:2067C000BD0C2300DA006E1CDA006E1ADA016E18534420F0910000F8D9FF005410FFD4FF68
:2067E000F4AF89AC840989A0080991000048D944D0636D006636DA006E033C013C0082047E
:2068000040C46DFF56FA009020088200A00C912000F7D9FF2018D4FF3C1391200027D92225
:2068200014185421488FA2F13F010A8091200027D92214185420488FA2F040FCC83FBD0F98
:20684000EEFFBD0C1800DA006E12DA006E10DA016E0EF4AC89A0040991000048D944C4735E
:206860006D002F36DA006E033C013C0040C46DFFDDFA00902010404CBD0C1580910000F808
:20688000D9FF7453F4AF3B1011F07801910000F8D9FF4443F80291000048D94438006D0074
:2068A000103609CF54089E14910000F8D9FF4063F4AF3B2011F07801910000F8D9FF444348
:2068C000F80291000048D94438006D00FA3582183C0E534820F0910000F8D9FF284410FF89
:2068E000D4FFD4F440C56D005B04C218BF48F3FF0090A0056D0004003C0100902010404F27
:20690000405CA00DBD0F188091000028D92240C3F4A23B9035F07801910000F8D9FF44432C
:20692000F80291000048D94438006D00CA353B00FFFF3C7909FF54086E17910000F8D9FF8B
:2069400070C3F4AF3BA035F07801910000F8D9FF4443F80291000048D94438006D00B13585
:206960003B10FFFF3C60DA005E1540FD3B70FFFF3C5A82246DFF2BE7402D7CD382FF3C5379
:20698000C84289D2900909FFD608ACDBDA0189DF140809FF550889DF1508089F2CD9DA00BD
:2069A0002CD808BF2CDB08AF2CDA54FF74DF09FFD6086E2391200027D9220C18D4227DF2CF
:2069C000098091200027D9220C18C834F4243C1391200027D9220C18D4223C0B09248C09DE
:2069E0007DF40680C83489248C093C0509228C09BD02F6FFA002E83240F46DFFF9FD9110BA
:206A000000F8D9FFFE85ECD6912000F7D9FF1018D4FFECD3912000F7D9FF1018F4FD6D0021
:206A2000BD37DA00BCC234CF40D23C010090404C405DBD0C260054CF6E23912000F7D9FFDC
:206A40000418D4F540C46D001D00912000F7D9FF0C18D4F540C46D001500BD0D120054DFC1
:206A60006E0F912000F7D9FF1018D4FF3C0754FF54C07E0354DF74FFC83FBD0FFAFF0090F1
:206A80002010404C405FBD0C168091000028D9224823F4A23B0090F0780191000028D9229F
:206AA000444389A2880991000048D94438006D0008353C1C54FF54C0FE08C83DDA016E1098
:206AC000DA016E0EDA016E0CF4AF91000048D9447C236D00F634DA006E033C013C0040F443
:206AE0006DFFA4F940DF3C02C83FBD0FE5FF00903B0004406DFFC3F93C0100908200910062
:206B000000F7D9FF105091000027D9221050092FC008C21FB4FF910000F7D9FF105009FFD7
:206B2000C008BBF0FF1F7E18910000F7D9FF1050BB0000FCB4FF82013C20534120F09100F0
:206B400000F8D9FF284410FFD4FFD4FF3C1309FFD60891000027D92210500922C0087E2962
:206B6000C2103BF0FFF37F0F040082023C0F3CC8C83FBD0FEEFFC211BF41E1FF910000F7C6
:206B8000D9FF105009F2C0083C0100902010BD041580910000F8D9FF4413F4AF3BF08AF0A7
:206BA0007801910000F8D9FF4443F80291000048D94438006D008534910000F7D9FF0C506A
:206BC00091000027D9220C50542F91200027D92214185420420F74FF910000F7D9FF0C5030
:206BE00054F23C0100902010404FBD0F1780910000F8D9FFFCE3F4AF3B1085F078019100B3
:206C000000F8D9FF4443F80291000048D94438006D0057341D00880009FF5408DF0F840082
:206C200009F05408DA0A5F0F7F0009FF5408DF1F7B00DA006E0FDA006E0DDA016E0B9100C0
:206C40000048D944E0F36D003C34DA006E033C013C0009FF38196E18DA006E0FDA006E0DD0
:206C6000DA016E0B91000048D944F0F36D002934DA006E033C013C0009F4B8196DFFE3F14B
:206C8000A00289F2B81909FF2C196E11DA006E0FDA006E0DDA016E0B91000048D9441C0424
:206CA0006D000F34DA006E033C013C0009FF30196E11DA006E0FDA006E0DDA016E0B9100FF
:206CC0000048D94400146D00FC33DA006E033C013C0009FF34196E14DA006E0FDA006E0D58
:206CE000DA016E0B91000048D94428146D00E933DA006E033C013C0040F46DFFB1FC82FFF3
:206D000089FFB00809F4AC196D00A40209F4B0196D00A002A00289F2AC1989F2B019DA0089
:206D200089FFA81800902010404C405DBD0D158091000028D9221024F4A23B3088F07801E9
:206D4000910000F8D9FF4443F80291000048D94438006D00B633BD0C1580910000F8D9FF0E
:206D60002C24F4AF3B4088F07801910000F8D9FF4443F80291000048D94438006D00A13363
:206D8000D4CF7DDF0580CCD3F4CF3C0DD4CF3C09C8327DD2068009D28C09E8323C04C83F3C
:206DA000BD0FF8FFA00FECD340D46DFF1EFF09D05408DA0A3E0E09DF54081E1B09DFDA0859
:206DC0002E0809DFDA089602ACDD40D46D00982309DF5408DF1F440009DF2C196E14910090
:206DE00000F8D9FF0C34F4AF3B3089F07801910000F8D9FF4443F80291000048D944380073
:206E00006D005F3309DF30196E14910000F8D9FF2434F4AF3B4089F07801910000F8D9FF96
:206E20004443F80291000048D94438006D00493309DF34196E14910000F8D9FF0044F4AFBB
:206E40003B6089F07801910000F8D9FF4443F80291000048D94438006D003333DA0089DF80
:206E60001408DA00ACDB3C14910000F8D9FF6403F4AF3BE089F07801910000F8D9FF4443E5
:206E8000F80291000048D94438006D001A3300902010404C405D0248BD0C1680910000F8F5
:206EA000D9FFC4E3F4AF3BD083F07801910000F8D9FF4443F80291000048D94438006D003C
:206EC00000333C1B09CF5408DE14910000F8D9FFDCE3F4AF3BE083F07801910000F8D9FFD7
:206EE0004443F80291000048D94438006D00E93289CD8C2989C81D0800902010404FBD0FBF
:206F00001880910000F8D9FFF013F4AF3B9060F07801910000F8D9FF4443F8029100004883
:206F2000D94438006D00CD323B00FF2F3C6A09F2B81909284D0809FCB819A00289F2B8196B
:206F4000DA006E0FDA006E0DDA016E0B91000048D944E4236D00B532DA006E033C013C001C
:206F600009FF04296E0A09F28429C844820440F540C62D0200003C07A004820440F540C618
:206F80006D005F00DF0222806F581F0009FFE8083B0086003E0609FFE808C21F89FFA808AE
:206FA00009FF04296E0A09F28429C844A006820440F52D0200003C0282023B30FFFF7E2413
:206FC0003B30FF2F3C1E3C1B3B30FFFFFE24DA006E0FDA006E0DDA016E0B91000048D944E6
:206FE000C4336D006E32DA006E033C013C003B30FF2F3C0789FCB81982B23C0382023C0163
:2070000000902010404C405DBD0C1A0009CF5408DE14910000F8D9FFCCC3F4AF3BF07DF053
:207020007801910000F8D9FF4443F80291000048D94438006D00453289CD84290090201020
:20704000406FBD051880910000F8D9FFF843F4AF3B8069F07801910000F8D9FF4443F80279
:2070600091000048D94438006D002B323B00FF2F3C12BCFA09F4C80840546D000E0040F49B
:207080006DFFE1EF3C06F64540546DFF86F83C0382023C0100902010404C0248BD0C1680C4
:2070A000910000F8D9FF68E3F4AF3BF03CF07801910000F8D9FF4443F80291000048D944D9
:2070C00038006D00FE313C6A09CF5408DE14910000F8D9FF40F3F4AF3B203DF07801910047
:2070E00000F8D9FF4443F80291000048D94438006D00E73109C0E8084280370070003B002F
:2071000086103F01060009C1E8087F101780DA006E0FDA006E0DDA016E0B91000048D944BD
:2071200068F36D00CE31DA006E033C013C003B0086F089CFA8083C0389C0A80840C46D0062
:20714000E104DA016E043B8021F03C033B0086F03FF2098009CFDA089602ACCD40C46D004B
:20716000CF21DA006E1BDA006E19DA016E1774A809CFE80878013B0086F009C0E808A20F83
:20718000370F70F0780291000048D944A4036D009831DA006E033C013C0000902010404CEC
:2071A000405DBD0D148091000028D9224C53F4A2DAFF7801910000F8D9FF4443F802910026
:2071C0000048D94438006D007C313C0A09CFBC197DDF0580A00F89CFBC1909CC8C09BD0C15
:2071E000F7FF00902010404CBD0C1580910000F8D9FFDC43F4AF3B2068F07801910000F817
:20720000D9FF4443F80291000048D94438006D00583182346DFFDBE2402F7CF3A0023C0C4A
:207220003B40014040F440C56DFFBAE1C8146DFF83F040F23C010090404FBCFA481F6E047A
:20724000C8146DFF00EF823440F46DFF57E200903C05D44F6DFFF2FF40F4BD04FCFF009097
:207260002010404C405DBD0C1A0009CF5408DE14910000F8D9FFF4C3F4AF3B307FF078019E
:20728000910000F8D9FF4443F80291000048D94438006D00163189CD802900902010BD04AA
:2072A0001680910000F8D9FFC043F4AF3B0067F07801910000F8D9FF4443F802910000486B
:2072C000D94438006D00FD303C038944150800902010912000F7D9FF141891200027D92257
:2072E0001418542FC21F74FF912000F7D9FF1C1891200027D9221C18142FC21F34FFA00CCD
:2073000091200027D9220418D42FBD0F1280DA006E0FDA006E0DDA016E0B91000048D94427
:20732000A0136D00CE30DA006E033C013C001D005603DA006E0FDA006E0DDA016E0B910064
:207340000048D94480236D00BC30DA006E033C013C0009FF5408EE1591000028D922A42326
:20736000F4A23BE04BF0780191000028D922444389A2880991000048D94438006D00A13045
:2073800009FF5408DE1591000028D9229033F4A23BF04BF0780191000028D922444389A244
:2073A000880991000048D94438006D008A3009F05408DA0AFE0591000028D922BC33F4A272
:2073C0003B004CF0780191000028D922444389A2880991000048D94438006D00723009FF81
:2073E0005E0891200027D9221C1814207E0540FCC83F1D00F40291200027D9221C18142FC9
:2074000089FF1E088208820909FF5408DE2809F04218BF601580C218DA006E0FDA006E0DB2
:20742000DA016E0B91000048D944AC436D004930DA006E033C013C001D00200109FF4218C9
:20744000BFCF1580C218DA006E0FDA006E0DDA016E0B91000048D94494536D003230DA00A9
:207460006E033C013C001D00090109FF59286E6F09FF30196E1591000028D9228863F4A28C
:207480003B404DF0780191000028D922444389A2880991000048D94438006D00123009FFDF
:2074A0002C19EE1591000028D922BC63F4A23B504DF0780191000028D922444389A28809E3
:2074C00091000048D94438006D00FB2F09FF5A28BFCF0480C2183C3909FF592891000028BA
:2074E000D92238441022092F7FF809F058287FF0078009F05828C21089F0182809F0582848
:207500003FF02480821A09FFE018EE0740F46D00592E7622820A3C0C09F4E01840F46D00DD
:20752000AE27F62640F46D00EB1FF622820A76ADDA0089FF182809FF5928FF7F078009FFB0
:207540005928C21F89FF19281D00980009FFB0080EFC09FFB0083BF0FF077F0F070009FFF3
:20756000B008C21F89FFB00809FFB00809F080183F0F8400DA006E15DA006E13DA016E11FD
:2075800009FFB00874AF09FF8018780191000048D944B4736D00952FDA006E033C013C00DD
:2075A00040F46D00B425762709FF3019EE6609FF2C196E6309FF5408DF2F210009FF4218FC
:2075C000FFCF058009FF42183C02DA0C09F0BC0886D009F1BE08421091000028D92218449D
:2075E0001022142F0FF010003BF0FFF77FF003003C033BF0FF0789F08018DA0089FFB008D9
:2076000009FFC81809F0E0187F0F058009FFC8183C0309FFE0188FFF3F0089F08A1886FFEA
:2076200009F0F2088610370070007F0F078009FFF208861F89FF8A1809FFF20889FF88180A
:20764000DA006E15DA006E13DA016E1109FFC81874AF09FFCA18780191000048D944988399
:207660006D002F2FDA006E033C013C00DA0089FFAA1840F46D00262509FF5408DF6F218018
:2076800009FFDA086F4F1D0091200027D92214185420488FA2F0DA287F0F1380C218DA0072
:2076A0006E0FDA006E0DDA016E0B91000048D944BC836D00062FDA006E033C013C00089F62
:2076C0006F3F7E0009FF54081E4509FF5408DF7F778091200027D92214185420488FA2F022
:2076E00009FF14293B80CB149BA10010421F3B401F104B1F11227F024480DA006E0FDA0041
:207700006E0DDA016E0B91000048D944AC936D00D82EDA006E033C013C00DA006E1EDA00EE
:207720006E1CDA016E1A481F16FF74AF481F370F68F47801481F370F68F87802481F370F07
:2077400068FC780391000048D944B8216D00B92EDA006E033C013C00DA006E0FDA006E0DB7
:20776000DA016E0B91000048D9448C316D00A92EDA006E033C013C00C218C2193C20912038
:207780000027D92214185420488FA2F009FF5B283BF04912063109F21429031F0AF23B40A5
:2077A0001F104B1F11227F020B8040F46D00E81DF62609FF5B28C21F89FF1B2809FF3419A3
:2077C0006E2191200027D92214185420488FA2F009FF8018536F20F03FF01580DA006E0FB1
:2077E000DA006E0DDA016E0B91000048D944A4A36D00672EDA006E033C013C0040F46DFF3D
:207800002FF709FF5408DE3C91200027D92214185420488FA2F0DA287F0F1380C218DA0011
:207820006E0FDA006E0DDA016E0B91000048D94490B36D00462EDA006E033C013C0009F04B
:207840005408DA09FE0C91200027D92214185420488FA2F0DAF07F0F1380C218DA006E0FE7
:20786000DA006E0DDA016E0B91000048D9448CC36D00272EDA006E033C013C00DF0871003C
:2078800009FD902940F46DFFB0F9BD0C210091200027D9220418D4227D2F16809100002816
:2078A000D922BCC3F4A23BD056F0780191000028D922444389A2880991000048D9443800C9
:2078C0006D00FF2DC83289C28C093C2291200027D9220418D4227DF2160091000028D922B9
:2078E000A8D3F4A23B1057F0780191000028D922444389A2880991000048D94438006D00DA
:20790000E02D91200027D9220418C834F424769E09F41019489540F6B04609F6D60809F737
:20792000D80840F440F56D008024C84E40F4C83F6DFF5EF691200027D9220818DA00342FAC
:20794000BCD63B30FF4F40E42D0D000091200027D9220818142F6E031DFFD3FC3C3F40FC35
:20796000C83F09CF5C08C21F89CF1C0809CF5C0809C05D083F0F3380DA0089CF1C08DA00CC
:207980006E0FDA006E0DDA016E0B91000048D94494E36D00962DDA006E033C013C009120AF
:2079A0000027D9220818DA00342F09CF0C296E0909C28C2909C4900940C52D0200003C026C
:2079C000820291200027D9220818142F6E031DFF98FCF62440C46D00931DBD0FACFCA00C71
:2079E00091200027D9222018D42D3C7209D05408DA0ABE0491000028D922B8E3F4A23B10C2
:207A00005AF07801910000F8D9FF4443F80291000048D94438006D00542D8200912000F77B
:207A2000D9FF141854F14CD8A2F1DAF07F1F0380C210DF004B0040D46DFFD7F8BD0C1F0028
:207A4000912000F7D9FF2018D4FF7DFD1580910000F8D9FFA8F3F4AF3BF05AF0780191006E
:207A600000F8D9FF4443F80291000048D94438006D00272DCCD3ECC33C22912000F7D9FF9A
:207A80002018D4FF7DDF1500910000F8D9FFD003F4AF3B305BF07801910000F8D9FF44437C
:207AA000F80291000048D94438006D000A2D912000F7D9FF201809D28C09F4F240D409DDF2
:207AC0008C096DFF95F53C0440DC09DD8C09BD0D8FFF00906DFF13F5912000F7D9FF181838
:207AE00091200027D9221818142FC21F34FF912000F7D9FF181814FF2E036DFFEBFB009056
:207B00002010404FBD0F168091000028D92268D3F4A23B603AF0780191000028D922444346
:207B200089A2880991000048D94438006D00C92C489F09F0E808420F09F0F2083B00431057
:207B40007F0105003B0043003C0309F0F20848B1421052000E0809F0E80889F0AA0848B031
:207B600052023C28489F48B0A20F8EF5DA0089FFAA083C1E48BF48905208BBF0FFFF7F8FDC
:207B8000168091000028D9224CE3F4A23B603BF0780191000028D922444389A2880991000F
:207BA0000048D94438006D008C2C89F8AA0882023C010090912000F7D9FF24186DFF9AF7C6
:207BC000F4F2912000F7D9FF241854FF6E3B912000F7D9FF2418D4F491000058D95530201C
:207BE0003B803E406DFF4BF2DF021C80912000F7D9FF241891200027D9222418D4243BF038
:207C00000F406DFF78F6F4F2912000F7D9FF2418D4F491100058D955E4176DFF0BF13C11FA
:207C2000DA016E0FDA016E0DDA016E0B91000048D9442C546D00452CDA006E033C013C002A
:207C40003C11DA016E0FDA016E0DDA016E0B91000048D94420646D00342CDA006E033C0106
:207C60003C000090405C3B0011406DFFEFD8402FBD0F3A00DA0134FFE81CA002E82249F46D
:207C80000C0A82043B0010506DFFC5DDDA0089FF8C4840C440F56DFFEEF191100058D955BE
:207CA000EE4740C46DFFAFF991100058D955F47740C46DFFD7FA91000058D955B8C640C40B
:207CC0006DFFFFF391100058D955EC37820440C46DFFE0F8DA0091000048D94410746DFF6E
:207CE000FEDD3C0282FF02F23C010090404F405CBD0F1800482FEE0409FFCC486E0A40C419
:207D000040F56D008F0040C440F56D0064003C0714FF5E3540C440F56DFFF17682023C066D
:207D200040C46DFF83F03B30FF2F3C010090404F405C406D024FBD0D1580DA0334FF482FEB
:207D4000EE0640C440F56DFFDA763C0940C440F56D00680040C440F56D003D00DA003C37B7
:207D60006E08BCD6A002E82240D46DFF6CE93C2F14FF5E1EDA0234FFE82D40C440F56D00B6
:207D8000510040C440F56D002600DA003C2014FFDE23482FEE0BE82D40C440F56D0042000F
:207DA00040C440F56D0017003C05C82440D56DFFA4E7DA003C0C09D4C80840C46DFF6DF928
:207DC000A002E82240D46DFF3EE9DA0002F23C010090405F09FFCC48EE023C0C49F50C0A6E
:207DE00009F4CC4882156D00B224F624DA0089FF8C480090404F405C482F6E0A40C440F565
:207E00006D00100040C440F56DFFE5FF3C0714FF5E3540C440F56DFF727682023C01009095
:207E2000404C405F3C2FC82D09FFCC4809D0CA08420F3B0010003FF0260009FFCC4810F2E1
:207E400049240C0A09D5840909D4CA086DFFA8DB09FFCC4809D0CA08420F89FF8C4809D841
:207E6000CA08D4D2E822482F6E04C8246DFF64EA40D46DFFE8E8DF02FD7F40C402846DFF4E
:207E80000CF9482FEED100902018404C405D406E89A790091D00AC00DA006E2EDA006E2C8C
:207EA000DA016E2A09D290090924CC086DFF67B68FF203F116036E03DA013C02DA00CCD4BF
:207EC00048146DFF46B60228CCD448146DFF41B609D0C80842F0420274A889A2040989AEAB
:207EE000880991000048D94484146D00EA2ADA006E033C013C0040DF89AD8C09D4DDC814A7
:207F00006DFF18E70228DA006E12DA006E10DA016E0E09CFE61874AF91000048D944B01410
:207F20006D00CF2ADA006E033C013C0009CFE6187F8F1580910000F8D9FF9024F4AF3B703B
:207F400045F07801910000F8D9FF4854F80291000048D94438006D00B42A09CFE618A28FFC
:207F600089CFA618912000F7D9FF042891200027D9220428092FC00809A28C090920C80807
:207F8000420FB4FF09A48C096DFF58F9DA006E14DA006E12DA016E1009CFE61874AF89AE9F
:207FA000840991000048D944B4346D008A2ADA006E033C013C0009CFE6186E19BD0D1880B2
:207FC000D804BD0F1580910000F8D9FF8C44F4AF3B1046F07801910000F8D9FF4854F8029F
:207FE00091000048D94438006D006B2ABD0D1E00CCD409F4CC086DFFC2B58FF203F1160387
:208000006E0382183C028208CCD448146DFFA1B509DFC808428F42F2912000F7D9FF281852
:2080200054FFA2F2BF123A7F40D23C010090912000F7D9FF182809FFC008912000F7D9FFE0
:20804000182891200027D92218280920C008C210B4F0912000F7D9FF242854F07609912026
:2080600000F7D9FF202809F0C0087F0F0C80912000F7D9FF1C28D4FF49FF140A10FF14F2FC
:208080003C12912000F7D9FF202809F0C008A20F370F68F0912000F7D9FF2428D4FF10FF0C
:2080A00014F23C0100902010404CBD0C148091000028D9222CE4F4A2DA837801910000F81B
:2080C000D9FF4854F80291000048D94438006D00F82991100027D922E8D7911000F7D9FF84
:2080E000E8D709FFD228C21F892F9228912000F7D9FF1C2809C28409F4F209C0CA08DA14E1
:208100007FF02480DA006E12DA006E10DA016E0E09CFC80874AF91000048D94464B46D00FD
:20812000D029DA006E033C013C00911000F7D9FFE8D791100027D922E8D7092FDA28C21FB6
:2081400089FF9A281D008105911000F7D9FF88DE09F41209911000F7D9FF88DED4F46DFF3A
:20816000F3CCF62B911000F7D9FF88DE09FF120916F03B000E00FE00911000F7D9FFE8D7AA
:2081800091100027D922E8D7092FE028C21F89FFA0281D005A05826409C5C808911000F754
:2081A000D9FF88DE49F50E0A911000F7D9FF88DE49F6120A40C46DFF59C7DF022200DA008D
:2081C0006E10DA006E0EDA016E0C74A291000048D944B8246D007529DA006E033C013C00BF
:2081E000911000F7D9FFE8D791100027D922E8D7092FD828C21F89FF98281D002605912074
:2082000000F7D9FF1C28D4FF09F4CC086DFFB7B48F423F408624DA143FF4068009CFC80887
:208220007F4F2280DA006E10DA006E0EDA016E0C74A491000048D94494846D004229DA00F3
:208240006E033C013C00911000F7D9FFE8D791100027D922E8D7092FDA28C21F89FF9A281E
:208260001D00F304912000F7D9FF28288BC41EF0B4FF912000F7D9FF2428A002F4F209CFDE
:20828000CA083F4F0E80912000F7D9FF20288BC41EF0B4FF40C46DFF6BE81D00970054CF7E
:2082A000EE13910000F8D9FF9CF4F4AFDAC27801910000F8D9FF4854F80291000048D94427
:2082C00038006D00FE283B40014040C46DFF50E8912000F7D9FF202809CFCA08B4FF912099
:2082E00000F7D9FF282809FFC00809C0CA08A20F370F70F009C4CA0840C46DFF39E8D4CFCA
:2083000009F0CA087FF02580DA006E13DA006E11DA016E0FD4CF09FFCA0874AF91000048F9
:20832000D944DC446D00CD28DA006E033C013C00911000F7D9FFE8D791100027D922E8D729
:20834000092FDA28C21F89FF9A281D007E0491200027D9222428D4CFC81FF42FD4C402F4BF
:208360006DFF06E809C0C808A2F089C0880809CFCA086E13910000F8D9FFE854F4AFDADF7B
:208380007801910000F8D9FF4854F80291000048D94438006D00952809CFC808D4CF09F0D1
:2083A000C808BE03910000F8D9FF3074F4AFDAE07801910000F8D9FF4854F8029100004881
:2083C000D94438006D007D28912000F7D9FF1C28D4FF91200027D9221C28D4220924C0089D
:2083E0006DFFCDB3B4F2912000F7D9FF1C28D4FF91200027D9221C28D4220924C2086DFFE4
:20840000BEB3A812912000F7D9FF1C28D4FF48146DFF9FB3912000F7D9FF1C28D4FF68126F
:20842000912000F7D9FF102874F2912000F7D9FF1C28D4FF48246DFF8CB3912000F7D9FFF0
:208440001C28D4FF6822912000F7D9FF281874F2912000F7D9FF1C28D4FF91200027D922EB
:208460001C28D4220924CE086DFF89B3A872912000F7D9FF2C1891200027D9221C28D4222C
:208480000924CC086DFF7BB38FF203F134FF912000F7D9FF2C2809CFC808B4FF912000F7C2
:2084A000D9FF2C1814FF16036E32912000F7D9FF2C2809CFC808C21FB4FF912000F7D9FF44
:2084C0002C2809FFC00809C0C8087F0F2180DA006E0FDA006E0DDA016E0B91000048D944BA
:2084E00010846D00EE27DA006E033C013C00911000F7D9FFE8D791100027D922E8D7092FB9
:20850000DA28C21F89FF9A281D009F03A00D91200027D9220418D42E1D00C60009EF54089A
:20852000EE1391000028D9220894F4A2DAFB7801910000F8D9FF4854F80291000048D94419
:2085400038006D00BE2709E05408DA0AFE03910000F8D9FF3094F4AFDAFC7801910000F8C7
:20856000D9FF4854F80291000048D94438006D00A82709EF5408DE13910000F8D9FF1CA4BD
:20858000F4AFDAFD7801910000F8D9FF4854F80291000048D94438006D0093270CE86E0F2B
:2085A0000CE8911000F7D9FF88DEC81F09F06C08C210370068003E0340ED3C7309EFD80837
:2085C000912000F7D9FF1C28D4FF09F0C0085F0F688009EFD608912000F7D9FF1C28D4FF80
:2085E00009F0C2085F0F5D804CE1911000F7D9FF88DE09F00E095F0F548054EF911000F73D
:20860000D9FF88DE09F012095F0F4B80CCE37DEF1580910000F8D9FF04B4F4AF3BD010F058
:208620007801910000F8D9FF4854F80291000048D94438006D004527BCDFCCE3ECD3912009
:2086400000F7D9FF0418D4FFECE3912000F7D9FF0418F4FE3C0E911000F7D9FFE8D79110E5
:208660000027D922E8D7092FE628C21F89FFA628CCE37DEF1580910000F8D9FF30B4F4AF04
:208680003B5011F07801910000F8D9FF4854F80291000048D94438006D0013273C0640ED9A
:2086A00009EE8C09BD0E3CFFBD0EDF80912000F7D9FF2018D4FE3C6809E05408DA0ABE04E5
:2086C000910000F8D9FF1CC4F4AF3BF011F07801910000F8D9FF4854F80291000048D94424
:2086E00038006D00EE260CE86E0E0CE8911000F7D9FF88DEC81F09F06C08C21037006800C2
:208700003E023C4009EFD808912000F7D9FF1C28D4FF09F0C0085F0F368009EFD6089120C2
:2087200000F7D9FF1C28D4FF09F0C2085F0F2B804CE1911000F7D9FF88DE09F00E095F0FF6
:20874000228054EF911000F7D9FF88DE09F01209FE09DA006E0FDA006E0DDA016E0B9100B2
:208760000048D9440CD46D00AC26DA006E033C013C0040E46D005B1340C46DFF64E41D00DD
:20878000740209EE8C09BD0E99FFA00491200027D9221018D42D3C300CD86E0F0CD8911082
:2087A00000F7D9FF88DEC81209206C08C210370068003E0340D43C1E09DFD608912000274F
:2087C000D9221C28D4220920C208FE03DA006E023C15DA016E0E54DF91100027D92288DE22
:2087E000092012097E023C0ABCD354DFEE023C0640D409DD8C09BD0DD1FFBD0D3600BC4F47
:20880000CCD3EC43912000F7D9FF1018D4FFECD3912000F7D9FF1018F4FD3C0E911000F7D5
:20882000D9FFE8D791100027D922E8D7092FE628C21F89FFA628DA006E0FDA006E0DDA011B
:208840006E0B91000048D9443CD46D003A26DA006E033C013C0040D46D00430240C46DFFD2
:20886000F2E31D000202BD0E7301912000F7D9FF3018A002F4F2912000F7D9FF301809CFD3
:20888000C808ACF4912000F7D9FF3018E81C91200027D9223018912000F7D9FF1C28D4FFEA
:2088A000EC24912000F7D9FF0828A002F4F2912000F7D9FF0C28DA0034FF912000F7D9FF2F
:2088C0000428DA00B4FF912000F7D9FF2C1814FF2E340CCD96012CCD09EF38196E2640E43C
:2088E0006DFF0DF33B30FFFF3E2B09EF38196E1D912000F7D9FF2C2809FFC0086E1609EF46
:20890000EA08EE0440E46D000D1D911000F7D9FFE8D791100027D922E8D7092FD628C21FF0
:2089200089FF96281D00F400912000F7D9FF1428F4FE40E46D005E043B30FFFF5F2FE80060
:20894000912000F7D9FF0C2814FF6F3F190009EF10296E0909EF902909E490093B20FF4F01
:208960002D0F000091200047D944041840E56DFFDCF140E46DFF3CEE1D00CA00912000F7E3
:20898000D9FF042809FFC0086E1E912000F7D9FF042809F4C00809EF00296E0909EF8029CD
:2089A00009E4900940E52D0F00003C0282023B30FFFF7E231D00AC00912000F7D9FF04288F
:2089C000DA00B4FF40E46D00510176231D00A000912000F7D9FF082854FF6E5D09EF3819BA
:2089E0006E14910000F8D9FF04F4F4AF3B601EF07801910000F8D9FF4854F8029100004807
:208A0000D94438006D005D2509EFDA082E4C912000F7D9FF0828D4F46DFF15E340E46DFF52
:208A200005EA3C7509EF04296E0F09EF842909E4900991200027D9220828D426820440E521
:208A40002D0F00003C0BA004912000F7D9FF0828D4F6820440E56DFFF4F23B30FFFF7E226F
:208A60003C56DF021900912000F7D9FF0828D4FF89EFB819DA006E0FDA006E0DDA016E0B9E
:208A800091000048D94420F46D001B25DA006E033C013C00912000F7D9FF0C2814FF6F5FC6
:208AA000290009EF38196E0909E2B81909EFB81908DF96202C2D3C1D09EFE8083B00860050
:208AC0003E0609EFE808C21F89EFA80809EF04296E0B09EF842909E49009A006820440E547
:208AE0002D0F00003C0282023B30FFFF7E223C0F912000F7D9FF1428A002F4F240E46D004F
:208B0000B50076223C0440E46D00FA14912000F7D9FF1428A002F4F2912000F7D9FF082835
:208B2000A002F4F2912000F7D9FF3018481F6E0E912000F7D9FF3018C8146DFF84E29120DB
:208B400000F7D9FF3018A002E8123C69DA006E0FDA006E0DDA016E0B91000048D94458046B
:208B60006D00AF24DA006E033C013C00912000F7D9FF1C28D4FF09F4CC086DFF00B08FF2EC
:208B800003F16F2F4A80911000F7D9FFE8D791100027D922E8D7092FE028C21F89FFA02857
:208BA000911000F7D9FFE8D791100027D922E8D7092FD628C21F89FF9628A004912000F75B
:208BC000D9FF281854F4912000F7D9FF102854F5912000F7D9FF2C2809FFC00842F59110B8
:208BE00000F7D9FF88DE49F5120A911000F7D9FF88DE49F60E0A912000F7D9FF1C28D4FF22
:208C000009F6C208912000F7D9FF1C28D4FF09F7C0086D000A1B40C46DFF15E23C14910052
:208C200000F8D9FF4414F4AF3B9024F07801910000F8D9FF4854F80291000048D9443800EC
:208C40006D003F243C11911000F7D9FFE8D791100027D922E8D7092FD628C21F89FF9628E9
:208C600040C46DFFF0E100902010404CBD0C158091000028D9226014F4A23BA025F07801E2
:208C8000910000F8D9FF4854F80291000048D94438006D00162491200027D9220C28142FBE
:208CA0006F4F1C0009CFDA08AE4C09CF10296E0909CF902909C490093B10FF4F2D0F0000D2
:208CC00091200047D944041840C56DFF2EF040C46DFF8EEC82123C0382023C010090201096
:208CE000404C91200027D9222C18142F2E231D003601BD0C158091000028D9224824F4A2D5
:208D00003B1028F07801910000F8D9FF4854F80291000048D94438006D00D323912000F747
:208D2000D9FF2C1814FF6F4F4200DA006E0FDA006E0DDA016E0B91000048D94468246D0015
:208D4000C023DA006E033C013C00912000F7D9FF281854F4912000F7D9FF102854F59120B2
:208D600000F7D9FF2C2809FFC00842F5911000F7D9FF88DE49F5120A911000F7D9FF88DEC3
:208D800049F60E0A912000F7D9FF1C28D4FF09F6C208912000F7D9FF1C28D4FF09F7C008BD
:208DA00040C46D00421A1D00D900912000F7D9FF2C1814FF6F1FD200DA006E1FDA006E1DED
:208DC000DA016E1B912000F7D9FF1C28D4FF09FFC00874AF912000F7D9FF1C28D4FF09FF06
:208DE000C208780191000048D94458346D006923DA006E033C013C0009C455086DFF3FE834
:208E0000402FBD0F2B80DA006E0FDA006E0DDA016E0B91000048D9447C346D005223DA000A
:208E20006E033C013C00911000F7D9FFE8D791100027D922E8D7092FDC28C21F89FF9C282E
:208E40004CC66E09CCC609C49009A00582F42D0F00003C011D00830091100027D92288DE34
:208E6000092F120974FF91100027D92288DE092F0E096CF109CFD608ACFB91200027D92227
:208E80001C28D422092FC008ACFCDA0389FF140891200027D9221028542FC21F6CF9489FB4
:208EA0006CFB40F46DFF74EE89F2181989F2101989F2041989F21C1991200027D9221028A6
:208EC000542FC2FF89FF141909C29009E84289FCBC190CC9160C2CF90CC82CF891200027C5
:208EE000D9220418D422E83291200027D9220418F42F6D00532591200027D9220818DA0186
:208F0000342F40F46D009A0091200027D9221C28D422092FCE0889FFA01809FFE01889FFD0
:208F2000A21840F4B0446DFF8CC509F4F20840F5B04540246DFF96EA89F2B2083B20014050
:208F400040F46D00C8107626820440F46DFFB1E63C0540F46D00D4123C0100902010404CEE
:208F6000405DBD0C158091000028D9229C04F4A23BF041F07801910000F8D9FF4854F80240
:208F800091000048D94438006D009B22CCC409F4CC086DFFF4AD8FF203F12E0640D46DFFE2
:208FA00059F1A00D3C483C17CCD409F4CC086DFFE6AD8FF203F12E0BCCC409C29009092F99
:208FC000CC0882146DFFDBADA62FACF640D4D4DD6DFF34F1BD0D1200912000F7D9FF1028D2
:208FE00054F009CFC80842F0CCD4481F09D1C808421FA2F0FF00DA7FBD0D1E00912000F7C7
:20900000D9FF102854F009CFC80842F0CCD4481FA2F0BF101100CCD4481F912000F7D9FF22
:20902000102854F0A20FACC409C4840909C4C8086DFF05E1F4CD00902010404CBD0C1580DF
:20904000910000F8D9FFE824F4AF3BD077F07801910000F8D9FF4854F80291000048D94428
:2090600038006D002E22912000F7D9FF282809FFC008DF0FBE00912000F7D9FF1828DA0015
:20908000B4FF1D00A8006DFFD4F7DA003E27DA01BE27DA025F2F26003C6BDA006E0FDA00BA
:2090A0006E0DDA016E0B91000048D944C4346D000822DA006E033C013C001D009A00DA0007
:2090C0006E0FDA006E0DDA016E0B91000048D944D8346D00F621DA006E033C013C003C7A6A
:2090E000DA006E0FDA006E0DDA016E0B91000048D944EC346D00E521DA006E033C013C0023
:209100006DFF97F7DF421280912000F7D9FF182809FFC008C2EFC24F912000F7D9FF282880
:2091200009F0C0087FF01300DA006E0FDA006E0DDA016E0B91000048D944C0446D00C121A3
:20914000DA006E033C013C003C536DFF72F78F8220F06DFF6EF7A62F3B8021003FF0038092
:20916000EE043B8021F03C0189CFB2083C33DA006E0FDA006E0DDA016E0B91000048D9447D
:20918000D0546D009E21DA006E033C013C006DFF50F7FF221380DA006E0FDA006E0DDA01CD
:2091A0006E0B91000048D944C0446D008A21DA006E033C013C003C1C912000F7D9FF182848
:2091C00091200027D92218280920C0089AE242F0B4F0912000F7D9FF182809FFC0089120F8
:2091E00000F7D9FF282809F0C0083F0F4EFF00902010404C8208BD0C158091000028D9220C
:209200007854F4A23BC031F07801910000F8D9FF4854F80291000048D94438006D00512153
:2092200091200027D9222C1814206F20A00009CF54085E2B912000F7D9FF281854F009CF1B
:2092400010197E0282183C22912000F7D9FF102854F04CC97E0382183C19912000F7D9FF6C
:20926000102854F04CC9A2F0BF001100912000F7D9FF102854F04CC909C1E808421FA2F03D
:209280004E0509CFDA089602ACCDDF083D00DA006E0FDA006E0DDA016E0B91000048D94496
:2092A00054646D000E21DA006E033C013C0009CF5408EE14910000F8D9FF7464F4AF3B80C9
:2092C00033F07801910000F8D9FF4854F80291000048D94438006D00F420912000F7D9FFCC
:2092E0000C2891200027D9220C28142F960834FF09CFDA08BBE0FF0F260FACCD3B20FF2F85
:209300001D00C704DA006E17DA006E15DA016E13912000F7D9FF102854FF74AF4CC9780191
:2093200091000048D94454746D00CB20DA006E033C013C00DA006E17DA006E15DA016E133B
:20934000912000F7D9FF102854FF74AF4CC9780191000048D94454746D00B320DA006E0308
:209360003C013C0082021D009404912000F7D9FF2C1814FF2E1E09CF54081E2B09CF540867
:209380001E3809CFDA089602ACCD82021D00810409CFDA08AE47912000F7D9FF141854FFD8
:2093A0006CC8DA0089CF1B28DA0089CF1A2840C46DFF44FE09C05408DA02BE08DA035F0FCC
:2093C0007F01DA045F0F9902DA055F0FA802DA065F0F3F03DA075F0F9002DA085F0FA303C8
:2093E000DA095F0F11041D005104DA006E20DA006E1EDA016E1C09CFB019C84F48146DFFE2
:20940000A8AB912000F7D9FF281854FF74AF09CF1019780189A2080991000048D9444C8447
:209420006D004F20DA006E033C013C00912000F7D9FF2C1814FF6F4F0201912000F7D9FF74
:209440002C1814FF6F1FFB00912000F7D9FF281854F009CF0419C21F5F0FF180912000F7CB
:20946000D9FF102854FFC21F6CC94CC96CCB912000F7D9FF281854FF89CF0419912000F7F7
:20948000D9FF1C28D4FF09FFCE0889CFA01809CFE01889CFA218912000F7D9FF102854FF02
:2094A000C2FF89CF1419DA0489CF140840C4B0446DFFC7C209C4F20840C5B04540246DFF96
:2094C000D1E789C2B20809CFF208532F20F03BC011017FF0078009CFF208532F20F03C03C5
:2094E0003BC011F109C0F208534020007FF0078009CFF208534F20F03C1009CFF208532FDF
:2095000020F03BC011017FF0078009CFF208532F20F03C033BC011F189CF8818DA006E1543
:20952000DA006E13DA016E1109CFC81874AF09CFCA18780191000048D9447C846D00C11F25
:20954000DA006E033C013C0009CFE618EE14910000F8D9FF6894F4AF3BC036F07801910044
:2095600000F8D9FF4854F80291000048D94438006D00A71F09CFE618C2FF89CFA618DA009D
:209580006E12DA006E10DA016E0E09CFE61874AF91000048D94440A46D00931FDA006E035F
:2095A0003C013C0009CDB019BD0D1D8009CDAC19BD0D1580910000F8D9FF68A4F4AF3B40A7
:2095C00037F07801910000F8D9FF4854F80291000048D94438006D00741FD4DF89CFAC19F6
:2095E0003C04D4DF89CFB01940D46DFF27EE09CF3019EE0582FF89CFB0083C07DA0089CFA8
:20960000B008DA0089CF021809CF08296E0A09CF882909C49009820440C52D0F00003C02D1
:2096200082023B30FFFF7E253B30FF2F1D00310309CFDA089602ACCD3C40912000F7D9FFE9
:209640002C1814FF6F4F3A00912000F7D9FF281854F4912000F7D9FF102854F5912000F70A
:20966000D9FF2C2809FFC00842F5911000F7D9FF88DE49F5120A911000F7D9FF88DE49F672
:209680000E0A912000F7D9FF1C28D4FF09F6C208912000F7D9FF1C28D4FF09F7C00840C4EF
:2096A0006D00C31509CF4218FF6F0880DA0089CFB00840C46D00E7141D00E902912000F737
:2096C000D9FF2C1814FF6F4F0501912000F7D9FF281854FF09C00419C210A20FBF0FCB0082
:2096E000912000F7D9FF281854FF09C01019A20FFF1FC100DA0489CF1408DA006E1FDA0042
:209700006E1DDA016E1B912000F7D9FF3018C84F09FFC00874AF912000F7D9FF3018C84FA9
:2097200009FFC208780191000048D9447CA46D00C81EDA006E033C013C0009CF3C19EE0393
:2097400082A23C2809CFBC19486FEE14910000F8D9FF54C4F4AF3B803AF07801910000F818
:20976000D9FF4854F80291000048D94438006D00A81E09CFBC19486F6E0B09CFBC19C86F59
:2097800009C49009820440C52D0F00003C033B00FF2F762B3B30FFFF3E2440C46DFF46E3EF
:2097A0003B30FF2F1D00750240C46D007302912000F7D9FF042809FFC0086E0D912000F7F7
:2097C000D9FF042891200027D9220428092FC008C2FFB4FF09CFF208532F20F03BC01101A1
:2097E0007FF0078009CFF208532F20F03C033BC011F109C0F208534020007FF0078009CF8F
:20980000F208534F20F03C1009CFF208532F20F03BC011017FF0078009CFF208532F20F085
:209820003C033BC011F189CF8818DA006E15DA006E13DA016E1109CFC81874AF09CFCA184D
:20984000780191000048D94474C46D003A1EDA006E033C013C00912000F7D9FF0C2814FF11
:209860002E5809CFDA089602ACCDDA0789CF14083C2F912000F7D9FF281854F4912000F727
:20988000D9FF102854F5912000F7D9FF2C2809FFC00842F5911000F7D9FF88DE49F5120A64
:2098A000911000F7D9FF88DE49F60E0A912000F7D9FF1C28D4FF09F6C208912000F7D9FF9B
:2098C0001C28D4FF09F7C00840C46D00AE143C12912000F7D9FF2C1814FF2E1C912000F75F
:2098E000D9FF102854F04CC9C2FF7E0440C46D00DE121D00CC0140C46D00CC01912000F78B
:20990000D9FF0C2814FF2E5809CFDA089602ACCDDA0789CF14081D00BA0140C46D00BA017E
:20992000912000F7D9FF0C2814FF6F5F7C00912000F7D9FF2C1814FF6F4F6D00912000F76C
:20994000D9FF281854FF09C010195F0F648009CF2C19EE60DA006E1FDA006E1DDA016E1BBD
:20996000912000F7D9FF3018C84F09FFC00874AF912000F7D9FF3018C84F09FFC2087801EB
:2099800091000048D94464D46D009B1DDA006E033C013C0009CFDA089602ACCD40C46DFF75
:2099A00024E9912000F7D9FF0418D4FF7DCF0A80912000F7D9FF041809C28C09F4F23C1126
:2099C000912000F7D9FF0418D4FF3C09C8327DC2068009C28C09E8323C04C83FBD0FF8FF90
:2099E000A00FECC3912000F7D9FF0818DA0134FFDA0A89CF1408912000F7D9FF2018D4FF78
:209A0000ECC3912000F7D9FF2018F4FC6D00C61F3C0809CFDA089602ACCDDA0889CF140838
:209A20003C15912000F7D9FF2C1814FF2E4F912000F7D9FF281854FF09C010197E0709CF1F
:209A40002C19EE04DA0689CF14081D00200140C46D002001912000F7D9FF0C2814FF6F5F16
:209A60006000DA006E1FDA006E1DDA016E1B912000F7D9FF3018C84F09FFC00874AF9120D3
:209A800000F7D9FF3018C84F09FFC208780191000048D94454E46D00141DDA006E033C01F9
:209AA0003C0009CFDA089602ACCD40C46DFF9DE8912000F7D9FF0418D4FF7DCF0A809120B4
:209AC00000F7D9FF041809C28C09F4F23C11912000F7D9FF0418D4FF3C09C8327DC2068095
:209AE00009C28C09E8323C04C83FBD0FF8FFA00FECC3912000F7D9FF0818DA0134FFDA0AF2
:209B000089CF1408912000F7D9FF2018D4FFECC3912000F7D9FF2018F4FC6D003F1F1D0007
:209B2000B60040C46D00B600912000F7D9FF2C1814FF6F4F6800912000F7D9FF281854FF38
:209B400009C010195F0F5F8009CF2C19EE5BDA006E1FDA006E1DDA016E1B912000F7D9FFB0
:209B60003018C84F09FFC00874AF912000F7D9FF3018C84F09FFC208780191000048D94473
:209B800044F46D009E1CDA006E033C013C0040C46DFF2BE8912000F7D9FF0418D4FF7DCF64
:209BA0000A80912000F7D9FF041809C28C09F4F23C11912000F7D9FF0418D4FF3C09C8323E
:209BC0007DC2068009C28C09E8323C04C83FBD0FF8FFA00FECC3912000F7D9FF0818DA0163
:209BE00034FFDA0A89CF1408912000F7D9FF2018D4FFECC3912000F7D9FF2018F4FC6D008B
:209C0000CD1E3C4440C46D004500912000F7D9FF2C1814FF6F4F3900912000F7D9FF281895
:209C200054FF09C010195F0F308009CF2C19EE2CDA006E1FDA006E1DDA016E1B912000F7B2
:209C4000D9FF3018C84F09FFC00874AF912000F7D9FF3018C84F09FFC208780191000048D7
:209C6000D94470F46D002D1CDA006E033C013C00912000F7D9FF0C2891200027D9220C282E
:209C8000142F961034FF3C023C0182023C0100902010404C8209BD0C158091000028D92283
:209CA000AC44F4A23BB047F07801910000F8D9FF4854F80291000048D94438006D00011CD4
:209CC00009C05408FF40158091000028D9228854F4A23BC047F07801910000F8D9FF4854BD
:209CE000F80291000048D94438006D00EA1B912000F7D9FF2C1814F06F40CA0209C8E018BE
:209D000009C01819420809C01419912000F7D9FF102854FFA2F0BF00280009C014199120DE
:209D200000F7D9FF102854FF7E0B09CF1819912000F7D9FF281854F0A20FBF0F160009CFC6
:209D40001819912000F7D9FF281854F05F0F4180912000F7D9FF1C28D4FF09FFCE0809C061
:209D6000E0187FF03680912000F7D9FF1C28D4FF09FFCE0889CFA01809CFE21809C0E018AE
:209D80007F0F068009CFE01889CFA218912000F7D9FF102854FF89CF1419912000F7D9FFBD
:209DA000281854FF89CF1819DA006E12DA006E10DA016E0E09CFE01874AF91000048D94495
:209DC000A4546D007E1BDA006E033C013C00912000F7D9FF281854FF09C00419A20FFF1FF9
:209DE0005400912000F7D9FF2C2809FFC008EE4609CF181909C0E018420F5F8F408009CF96
:209E0000B008BF0F3C0009CF0419912000F7D9FF281854F05F0F3380821909CF4318C21FB7
:209E2000370F68F009C043187FF0078009CF4318C21F89CF031809CF4318BF4F198009CF31
:209E4000C81809C0F208420F370F70F009C0C8183F0F0A8009CFC81809C0F208420F89CFC3
:209E600088183C05BBF0FFFF89CF881809CF4318BF3F058040C46D007C10F694DA0089CFF1
:209E800003181D008101912000F7D9FF281854FF09C00419C210A20FBF0F7301912000F7A2
:209EA000D9FF281854FF09C01019A20FFF1F690109CFDA082E2E09CFDA08BBB0FF0F260F8E
:209EC000ACCD09CFCA1889CF8818DA0089CFAA18DA0089CF021809CFBC0886DF09C0BE0887
:209EE000420F89CF8018912000F7D9FF281854FF09C00419A20F370F70F0820089C00318EB
:209F0000912000F7D9FF281854F089C0041909C05408BF408D8009C0C81809C1CA187F10C2
:209F20003D8009C0DA086FB0040082103C02822009C1F208E201370170107F1F03803C0662
:209F400009CFF208E2F0370070F009C0C81842F03700700009C1C8183F10088009C0C8181A
:209F600042F089C088183C05BBF0FFFF89CF8818DA006E12DA006E10DA016E0E09CFC81823
:209F800074AF91000048D94484646D009A1ADA006E033C013C003C4B09C0EA1842F0370020
:209FA000700009C1EA183F10088009C0EA1842F089C0AA183C05BBF0FFFF89CFAA1809CFAA
:209FC000EA1809C0C8183F0F208009CFEA1809C0C818A20F89CFAA1809CFC81809C0F2081F
:209FE000420F370F70F009C0C8183F0F0A8009CFC81809C0F208420F89CF88183C05BBF039
:20A00000FFFF89CF8818DA006E12DA006E10DA016E0E09CFC81874AF91000048D944A86464
:20A020006D004F1ADA006E033C013C00DA006E44DA006E42DA016E4009CF30196E0909CF77
:20A04000B019C84F48146DFF84A502293C02820909CF30196E1C09CFB019C84F09F4CC0807
:20A060006DFF8DA58FF203F116036E0382183C02820809CFB019C84F48146DFF6AA509CF7A
:20A08000B01909F0C808428042023C028202912000F7D9FF281854FF74AF89A9040989A2C6
:20A0A000080991000048D94494746D000A1ADA006E033C013C0009C5B01991000068D9666D
:20A0C000848409C7AC1940C46DFFE0EE89C2B01909C5AC1991000068D9668C8409C7B0191D
:20A0E00040C46DFFD3EE89C2AC1909CF3019EE0582FF89CFB0083C04DA0089CFB008DA0076
:20A1000089CF1C0809CF2C19EE04DA0089CFA81809CFE418912000F7D9FF042809F0C00881
:20A12000420F89CFA41809CFDA086FBF290009CF3019EE1509CF2C196E0B09CF0C1909CF1A
:20A14000AC19C84F48146DFF04A5A22F4EF709CFDA08BBF07F0F260FACCD3C1109CF0C19B1
:20A1600009CFB019C84F48146DFFF3A4A22F4EF709CFDA08BBF07F0F260FACCD3C0440C4CD
:20A180006D00D010DA006E19DA006E17DA016E154CCD74AF4CCE7801912000F7D9FF2818C5
:20A1A00054FF780291000048D944BC846D008919DA006E033C013C004CCD6E694CCE91200E
:20A1C00000F7D9FF281854F0A20FFF0F6100912000F7D9FF141854F04CCDA2F0370050806A
:20A1E000DA006E16DA006E14DA016E1274A83B401FF0E28F370F70F0780191000048D9441E
:20A20000AC946D005E19DA006E033C013C0009CFBC0886DFA2F8370850F009C0BC0842F07D
:20A2200089C0BC08CEF4325F370F50F009C0BE0886E0A20F370F500009CFBE08420F89CFB5
:20A24000BE0809CFBC0886DF09C0BE08420F89CF8018DA006E1ADA006E18DA016E1609CF6E
:20A26000801874AF09CF80183B401F00E20F370F70F0780191000048D944A0A46D00211928
:20A28000DA006E033C013C00DA006CCD912000F7D9FF2C2809FFC008BF1FB08509CF5408FC
:20A2A000FF7FAC854CC9912000F7D9FF102854F0C210A20FBF0FA4004CC9912000F7D9FF54
:20A2C000102854F0912000F7D9FF2C2809F1C0084210C2F0A20FFF1F9300912000F7D9FF86
:20A2E0003018C81D4CC991200027D922102854205208912000F7D9FF3018481FEE14910081
:20A3000000F8D9FF88B4F4AF3B4059F07801910000F8D9FF4854F80291000048D94438002C
:20A320006D00CF18BBF0FFFF3FF81580910000F8D9FF98B4F4AF3B5059F07801910000F82E
:20A34000D9FF4854F80291000048D94438006D00B81837087080912000F7D9FF3018C81F46
:20A3600009FFC8087F8F1500910000F8D9FFA8B4F4AF3B7059F07801910000F8D9FF485418
:20A38000F80291000048D94438006D009A18912000F7D9FF301891200027D9223018092F5B
:20A3A000C808A28FACF4912000F7D9FF3018C81F09FFC808A28F370F70003C0B09DFCA088D
:20A3C000A2F83708708089D08808DA00ACD5D4DD09DFCA083F8FF4FF40D402846DFFC8D79F
:20A3E000912000F7D9FF10284CC974FF912000F7D9FF3018C84F4CC96CF13C24912000F7C4
:20A40000D9FF102854F04CC9A2F0FF001C00DA006E15DA006E13DA016E11912000F7D9FF94
:20A42000102854FF74AF91000048D944B8B46D004818DA006E033C013C0009CFDA08960229
:20A44000ACCD912000F7D9FF102854F04CC9A2F0BF00D004912000F7D9FF102854F04CC93C
:20A4600009C1E808421FC2FFA2F0FF10C3044CC9912000F7D9FF102854F05F0F37839120AE
:20A4800000F7D9FF3018C84F09F4CC086DFF77A38FF203F116036E0382103C028200912035
:20A4A00000F7D9FF2C2891200027D9223018092FC808420FB4FF912000F7D9FF2C2809FF76
:20A4C000C00809C0E8087FF0BD80DA006E21DA006E1FDA016E1D912000F7D9FF102854FF0E
:20A4E00074AF912000F7D9FF2C2809FFC00878014CC909C0E808420F780291000048D9448D
:20A500009CC46D00DE17DA006E033C013C00912000F7D9FF3018C84F09F4CC086DFF2FA3C7
:20A520008FF203F16F0F2200912000F7D9FF3018C84F09F4CC086DFF22A38FF203F1B70FEA
:20A540000140912000F7D9FF3018C84D912000F7D9FF3018C84F09FFCC08BBF00F0C260F27
:20A560006DFF0DA3A62FACD6912000F7D9FF301809CFE808ACF4912000F7D9FF3018C84F59
:20A5800009F4CC086DFFFBA28FF203F12E1D912000F7D9FF301891200027D9223018092F06
:20A5A000C808C2FFACF4912000F7D9FF3018C814912000F7D9FF301809F4C8086DFF3FD6B0
:20A5C000912000F7D9FF3018C84F09F4CC086DFFD6A28FF203F116036E0382103C02820096
:20A5E000912000F7D9FF2C2891200027D9223018092FC808420FB4FF912000F7D9FF1028A8
:20A6000054F0912000F7D9FF2C2809FFC00842F04CC909C1E808421FBE04910000F8D9FFCD
:20A62000A8D4F4AF3BB05CF07801910000F8D9FF4854F80291000048D94438006D00411761
:20A6400009CF3419DF0F1401912000F7D9FF3018C84F09F4CC086DFF92A28FF203F16F0F8F
:20A660002100DA006E0FDA006E0DDA016E0B91000048D944A0E46D002417DA006E033C010F
:20A680003C003C0A09C4B41909CFB419D4FF89CFB4196DFFD3E509CF3419EEF51D00E800D0
:20A6A00009CDB4193C4909D290090924CC086DFF66A28FF203F16F0F3C00912000F7D9FFDA
:20A6C0003018C84F09F4CC086DFF59A28FF203F16F1F2F80912000F7D9FF3018C84E9120A2
:20A6E00000F7D9FF3018C84F09FFCC0882146DFF46A2A62FACE6912000F7D9FF3018C84F20
:20A7000009F4CC086DFF3BA28FF203F116036E0382103C028200912000F7D9FF2C28912049
:20A720000027D9223018092FC808420FB4FF40D4D4DD6DFF83E5BD0D1600912000F7D9FFAA
:20A74000102854F0912000F7D9FF2C2809FFC00842F0CCD4481F09D1C808421FA2F0FF0004
:20A76000A47FBD0D8300912000F7D9FF102854F0912000F7D9FF2C2809FFC00842F0CCD4F7
:20A78000481FA2F0BF10720091200027D9223018CCD4481F912000F7D9FF102854F0A20FB0
:20A7A000AC24912000F7D9FF3018C84F09F4CC086DFFE5A18FF203F12E1D912000F7D9FFE7
:20A7C000301891200027D9223018092FC808C2FFACF4912000F7D9FF3018C814912000F761
:20A7E000D9FF301809F4C8086DFF29D5912000F7D9FF3018C84F09F4CC086DFFC0A18FF204
:20A8000003F116036E0382103C028200912000F7D9FF2C2891200027D9223018092FC80871
:20A82000420FB4FF912000F7D9FF102854F0912000F7D9FF2C2809FFC00842F0CCD4481F3B
:20A84000BE04910000F8D9FFACF4F4AF3BC05FF07801910000F8D9FF4854F80291000048FF
:20A86000D94438006D002D1689CDB419912000F7D9FF102854FF912000F7D9FF2C2809F0D8
:20A88000C008420F6CC909CFE808912000F7D9FF2C2809F0C0087F0F1580910000F8D9FF89
:20A8A000E804F4AF3B7060F07801910000F8D9FF4854F80291000048D94438006D000116EC
:20A8C00009CFE808912000F7D9FF2C2809F0C008A20F89CFA80840C46DFF14E9912000F74D
:20A8E000D9FF3018C81F09FFC8086E1191200027D9220828912000F7D9FF3018C81FF42F25
:20A9000091200027D9223018A00FEC21912000F7D9FF3018C84F09F4CC086DFF30A18FF2F2
:20A9200003F16F0F1D00DA006E0FDA006E0DDA016E0B91000048D944C8146D00C215DA0098
:20A940006E033C013C00912000F7D9FF0C2891200027D9220C28142F962034FF1D00A70062
:20A9600009CDB41991200027D92210284CC9742F09D290090924CC086DFF01A18FF203F179
:20A9800016036E0382113C0282014CC909D0C8084210420F6CC9CCD409F4CC086DFFEFA0D7
:20A9A0008FF203F116036E03DA013C02DA0009C1E80809D0C80842F07F011580910000F872
:20A9C000D9FFE414F4AF3BB062F07801910000F8D9FF4854F80291000048D94438006D00BC
:20A9E0007015CCD409F4CC086DFFC9A08FF203F116036E03DA013C02DA0009C1E80809D007
:20AA0000C80842F0A20189C1A80840C46DFF7AE8CCD109FFC8086E1A912000F7D9FF082818
:20AA200054FF6E0B912000F7D9FF0828D4F409D584096DFF09D13C08912000F7D9FF08282D
:20AA400009D28409F4F2A00FECD1CCD409F4CC086DFF95A08FF203F16F0F2300DA006E0FBD
:20AA6000DA006E0DDA016E0B91000048D944CC246D002715DA006E033C013C00912000F732
:20AA8000D9FF0C2891200027D9220C28142F962034FF09CF54085E44DA0789CF1408D4DF99
:20AAA00089CFB41940D46DFFC9E309CF34196E0909CFB419C84F481F09C024095F0F527F51
:20AAC00009CFDA082E0C09CFDA08BBE0FF0F260FACCD09CFDA089602ACCD3C0509CFDA08AB
:20AAE0009601ACCD1D00850109CF3419EE0B91200047D94430186DFF77E389C2B4191D002D
:20AB00007501A00D09CEB4191D006E0191200027D92210285420CCE4481FFE0F912000F797
:20AB2000D9FF301809FFC80809E0C8087FF0148091200047D94430186DFF56E3BC2ABCD3EA
:20AB4000F4D23C0389C2B419402440E56DFF08F21D004C011D004A01BD0D1C80912000F709
:20AB6000D9FF102854F0CCE4481FA2F0FF00110091200047D94430186DFF36E3BC2789C2B8
:20AB8000B419402440E56DFFEBF11D002F013C47912000F7D9FF102854F0CCD4481FC21F63
:20ABA000A2F0BF003D00912000F7D9FF102854F0CCE4481FC2FFA2F0FF1032009120004768
:20ABC000D94430186DFF10E389A28C09BD022600CCD4481F09D0C808420F912000F7D9FF8B
:20ABE000102854F0A20FBF1F1200912000F7D9FF102854F0CCD4481FA2F089D0880809D4DD
:20AC0000840909D4C8086DFF1AD3D803F4DF09A48C0940E56DFFA4F11D00E80040ED54EF16
:20AC2000DF0FE180912000F7D9FF102854F0CCE4481FA2F0BF10D700CCE409F4CC086DFF8D
:20AC40009E9F8FF203F12E031D00D00091200047D94430186DFFC8E2F4E254EFDF0FC200E8
:20AC6000CCE4481F09E0C808420F912000F7D9FF102854F0A20FBF1F1200912000F7D9FF96
:20AC8000102854F0CCE4481FA2F089E0880809E4840909E4C8086DFFD2D2912000F7D9FFCF
:20ACA0002C2809F0C008912000F7D9FF102854FF42F04CC909C1E808421FA2F0BF1092001F
:20ACC000DA006E21DA006E1FDA016E1D912000F7D9FF102854FF74AF912000F7D9FF2C283C
:20ACE00009FFC00878014CC909C0E808420F780291000048D9449CC46D00E313DA006E036E
:20AD00003C013C00D4EFC84F09F4CC086DFF379F8FF203F16F0F1900D4EFC84F09F4CC0816
:20AD20006DFF2D9F8FF203F1B70F0140D4EFC84DD4EFC84F09FFCC08BBF00F0C260F6DFF6A
:20AD40001E9FA62FACD6D4EF4CC909C0E808420F91200027D92210285420A20FACF4D4EF6A
:20AD6000C814D4EF09F4C8086DFF69D2D4EFC84F09F4CC086DFF039F8FF203F116036E0308
:20AD800082103C028200912000F7D9FF2C28D4E2092FC808420FB4FF912000F7D9FF102813
:20ADA00054F0912000F7D9FF2C2809FFC00842F04CC909C1E808421FBE04910000F8D9FF26
:20ADC000A8D4F4AF3B806FF07801910000F8D9FF4854F80291000048D94438006D007113AB
:20ADE0003C04D4EEBD0E94FE40C46D009B0A3C0440C46D00970A3C19912000F7D9FF10287F
:20AE000054F04CC9A2F00E0D912000F7D9FF102854F04CC909C1E808421FC2FFA2F08E051A
:20AE200009CFDA089602ACCD00902010404F91200027D9222C18142F2E223C7EBD0F168032
:20AE400091000028D9226844F4A23BE02EF0780191000028D922485489A288099100004865
:20AE6000D94438006D002D1391200027D9222C18142F6F1F470091200027D9221028542022
:20AE8000489FA2F0BF003D0091200027D92210285420489F09F1E808421FA2F0FF103100BA
:20AEA00091200027D9222818542491200027D9221028542591200027D9222C28092FC0085C
:20AEC00042F591100027D92288DE4925120A91100027D92288DE49260E0A91200027D92205
:20AEE0001C28D4220926C20891200027D9221C28D4220927C00840F46D0097093C1D3C0D37
:20AF000091200027D9222C18142F2E0791200027D9221418542F6CF891200027D9222C2895
:20AF2000092FC0086E0809FFDA089602ACFD40F46D00E6023C010090912000F7D9FF0C2866
:20AF400091200027D9220C28142F961034FF00902010404C405D0249025A0268BD0C148077
:20AF600091000028D9223405F4A2DAA37801910000F8D9FF2885F80291000048D944380022
:20AF80006D009F12BD0D1480910000F8D9FF10F5F4AFDAA47801910000F8D9FF2885F8022D
:20AFA00091000048D94438006D008B126F080400824B3C02820B82346DFF09C4402FBD0F1C
:20AFC0001780DA006E0FDA006E0DDA016E0B91000048D94464556D007412DA006E033C01B0
:20AFE0003C0040D46DFF2FD0A0023C7328C8A002F4F2E81D09DFC8087FBF15809100002884
:20B00000D92278C5F4A2DAB0780191000028D922288589A2880991000048D94438006D00A7
:20B02000501209DFC808A2BFACF4DA00ACF53B40014040D46DFFE4CBDF022400DA006E0F33
:20B04000DA006E0DDA016E0B91000048D9449C356D003712DA006E033C013C00911000273E
:20B06000D922E8D791100047D944E8D7094FE428C21F892FA42840F46DFFE0E0A0023C2922
:20B08000C81209228409E842C84D09C4D6086DFF769DB4D2C84D09C4D8086DFF709D89D299
:20B0A0008208C84C02A46DFF549D89C20409C84CDA044BFB01029A508FCF2040A6946DFF0E
:20B0C0005E9D89C28C08C842DA00AC2940F23C0100902010404C02488209DA006E12DA0019
:20B0E0006E10DA016E0E09C0E61874A091000048D94460656D00E511DA006E033C013C00BE
:20B100008F3800F1EE1491000028D9224475F4A23B1041F07801910000F8D9FF2885F80275
:20B1200091000048D94438006D00CB11BD0C158091000028D9225C85F4A23B3041F07801FA
:20B14000910000F8D9FF2885F80291000048D94438006D00B6116F18030082196F090400E4
:20B16000DA043C02DA003B8003403B00286002F56DFFC3CB402DBD0D168009CFDA0896808A
:20B18000ACCD911000F7D9FFE8D791100027D922E8D7092FDC28C21F89FF9C2882F21D008B
:20B1A000EE0009D0CA087FF01580910000F8D9FF7C85F4AF3B9043F07801910000F8D9FF15
:20B1C0002885F80291000048D94438006D00791109C51C1940C440D5028402966DFFBAFE45
:20B1E000402DBD0D168009CFDA089680ACCD911000F7D9FFE8D791100027D922E8D7092F50
:20B20000DC28C21F89FF9C2882F21D00B8004CD482404B0F1102DF01150091000028D922BC
:20B220007895F4A23B2044F07801910000F8D9FF2885F80291000048D94438006D0041116E
:20B2400009DFC8086E14910000F8D9FF50A5F4AF3B3044F07801910000F8D9FF2885F8029B
:20B2600091000048D94438006D002B11DA006E2DDA006E2BDA016E29CCD409F4CC086DFFC0
:20B280007E9C8FF203F116036E03DA013C02DA00CCD448146DFF5D9C0229CCD448146DFFAE
:20B2A000589C09D0C80842F0420274A989A2040989A8080991000048D9447CA56D0001114E
:20B2C000DA006E033C013C0009CF2C19EE0489CDAC193C0809CFAC193C02D4FF54FFEEFE4F
:20B2E000F4FDDA0089CFA8186F1804806F08070009CF1C19C21F89CF1C196F08060009CF12
:20B30000DA089620ACCD09CFE61809D484096DFF11CD422F89CFA618DA006E12DA006E1059
:20B32000DA016E0E09CFE61874AF91000048D94468B56D00C610DA006E033C013C0009CFCB
:20B34000E6186E1A09CF3019EE1709CF2C19EE14910000F8D9FF50C5F4AF3B5046F07801CF
:20B36000910000F8D9FF2885F80291000048D94438006D00A61082023C0100902010404F64
:20B38000DA006E0382483C028208BD0F168091000028D922FC25F4A23B4082F0780191000C
:20B3A0000028D922288589A2880991000048D94438006D008610DA006E0FDA006E0DDA0149
:20B3C0006E0B91000048D944D8356D007A10DA006E033C013C00DA006E1EDA006E1CDA0191
:20B3E0006E1A481F16FF74AF481F370F68F47801481F370F68F87802481F370F68FC780391
:20B4000091000048D944B8216D005B10DA006E033C013C00DA006E0FDA006E0DDA016E0BC1
:20B4200091000048D9448C316D004B10DA006E033C013C00DA006E1ADA006E18DA016E16AC
:20B4400091200027D9221418542F74AF488F780109FF5B28780291000048D944C4456D0086
:20B460003010DA006E033C013C0009F41019C2F46DFF6F9B820540F4028402266D002B0273
:20B48000402CBD0C1480DA006E0FDA006E0DDA016E0B91000048D944C8556D001210DA0067
:20B4A0006E033C013C0082F23C29820440F440C502856D00F10240F7B04740F440C540F686
:20B4C0006D0091020228DA006E17DA006E15DA016E1309FF1019C2FF74AF489F780189A884
:20B4E000080991000048D944C8646D00EA0FDA006E033C013C0002823C0100902020404CD2
:20B50000BD0C158091000028D92250D5F4A23B104EF07801910000F8D9FF2885F8029100C3
:20B520000048D94438006D00CC0F09CF5408DE1491000028D92268D5F4A23B304EF0780157
:20B54000910000F8D9FF2885F80291000048D94438006D00B60F912000F7D9FF1428D4FFF4
:20B560007DCF058082021D00B50109CFE01809C0C8187F0F058009C8E0183C0309C8C8185E
:20B5800009CFAC19BD0F3A80DA006E12DA006E10DA016E0E09C02C1974A091000048D94467
:20B5A00050E56D008E0FDA006E033C013C00DA006E1ADA006E18DA016E1609CFE01874AF74
:20B5C00009CFC818780189A8080909CF0419780391000048D94474E56D00730FDA006E03FF
:20B5E0003C013C0009CFDA082E1640C46D009A061D0070011D006601DA006E2FDA006E2DC5
:20B60000DA016E2BC842092404096DFFA29A09CF04190BF2809009FFC80842F9C84209247E
:20B6200004096DFF969A09CFE01874AF09CFC818780189A8080989A90C0989A2100909CF98
:20B640000419780591000048D94474F56D00390FDA006E033C013C0040C6B04640C440C573
:20B660006D00D60589A298097C2482C21D003201BCC354CFEE0BBC23B0423C02A0027C2496
:20B6800082C21D002701542F74CFC842092404096DFF5F9A09CF0419A2F209FFC80842F21D
:20B6A0007F281E8009CFE018FE8009CF3019EE0D09CF5928EE0ADA0089CF1828DA0189CFE5
:20B6C0001928DA0089CF1A2809CFDA082E1640C46D0028061D00FE001D00F400DA0089CFBA
:20B6E000192809CDB019BCD53C02D4DD54DFEEFE1D00D400C8420924CC086DFF409A8FF208
:20B7000003F16F2F160091000028D922B805F4A23B6053F0780191000028D922288589A297
:20B72000880991000048D94438006D00CA0E09CF30196E1C09CFDA081644EE1809CF2C1923
:20B740006E0D09C2AC19542FEE1109C2AC19092FC80809C0F2087F0F0A8009CFE4186E06A1
:20B7600009C0E618DA083FF00400DA013C02DA00EE0709CFDA0816A0EE031D009D0009CF12
:20B7800054081E2BC84EC842092FCC083B0001406DFFF599A62FACE640F440C509A6980972
:20B7A0006D00B801762709CFDA089680ACCD1D009100DA00ACF5D4F289C2AC1909CF54084A
:20B7C0001E2709CFDA08BBC0FF0F260FACCDC8420924CC086DFFD3998FF203F116036E0351
:20B7E00082193C028209C842092404096DFFB19909FFC808429F42F209CF1019A22FCEF36B
:20B8000089C21019C8420924CC086DFFB8998FF203F116036E0382103C02820009FFC808C3
:20B82000420F6E36A002F4F209CF3019EE0589CFB01940FD3C2CC842092404096DFF8999DF
:20B84000022F09D29009092404096DFF8299A22FFF0F1C0049CE301A3C02D4EE54EF6E1164
:20B86000D4E209229009092404096DFF7299022FC842092404096DFF6C99A22FBF0FEF7FAA
:20B88000D4E2F4F2F4EF3C03F4DF40FD3C0440F46DFFD4DC09CFAC19BCFEC84209240409AF
:20B8A0006DFF579909CF0419A2F209FFC80842F27F2822FF09CF2C19EE04DA0089CFA818CE
:20B8C00009CFDA08BBF0F70F260FACCD82023C0100902010404F0B451088026ABD0F168089
:20B8E00091000028D922ACC5F4A23B2074F0780191000028D922288589A28809910000485F
:20B90000D94438006D00DD0D09FFD608B4AF09FFD808ACA2DA102CA809FFEA08ACA6489416
:20B9200002850B9A10686D000A00BC26489F09F0EA08420F6CFB3C01009020100B4510889B
:20B94000027A09ABD00809ACD40809AD580809AEDC083B4002408B49015042653B00286051
:20B960006DFFCBC7402CBD0C3B0009CFCA088B4901007F0F1500910000F8D9FFBCB5F4AFC2
:20B980003B3072F07801910000F8D9FF2885F80291000048D94438006D00930DCCC102B4DB
:20B9A0006DFFED98B4F202C46DFFE998A812681A02846DFFCE986822DA044BF901029A5010
:20B9C0008FCF2040A6D46DFFDA98A86202E46DFFD698A872DA00ACF8DA00ACF940C23C0131
:20B9E00000902018404C405D89A6900989A78C09BD0D158091000028D922BCD5F4A23B70E4
:20BA000078F07801910000F8D9FF2885F80291000048D94438006D00540D40C409A59009F6
:20BA200009A68C096D00F403402E7CE382CF3C2DCCD1826409D5C80840D409A5900909A69C
:20BA40008C096DFF13ABA882BCC609C44B0809C54A083C043BF00F408205911000F7D9FF8A
:20BA6000E8D791100027D922E8D7092FD028C21F89FF9028826640D409A5900909A68C09AD
:20BA800040E76DFF85AE022F40D46DFFDCCA02F23C0100902010405C02488209BD0C1580C9
:20BAA000910000F8D9FF94D5F4AF3B6075F07801910000F8D9FF2885F80291000048D944A2
:20BAC00038006D00FE0CCCC149F2140A6F08040082403C028200534920F010FF01F000F632
:20BAE00049FF140A7DF21500910000F8D9FFB455F4AF3B5077F07801910000F8D9FF2885D6
:20BB0000F80291000048D94438006D00DA0C00902010404F405C406DBD0F168091000028F7
:20BB2000D922B815F4A23B805BF0780191000028D922288589A2880991000048D9443800DD
:20BB40006D00BF0CBD0C168091000028D9229825F4A23B905BF0780191000028D922288557
:20BB600089A2880991000048D94438006D00A90CBD0D168091000028D922B825F4A23BA057
:20BB80005BF0780191000028D922288589A2880991000048D94438006D00930C40F46D00E9
:20BBA000EC00DF021500DA006E0FDA006E0DDA016E0B91000048D94494456D00820CDA00FF
:20BBC0006E033C013C0082021D00D600C84E09C424096DFFBE9789E20809C84E09C4EA08E2
:20BBE0006DFFCD9789E28E084CC909C0EA08420F6CCBC842492E140A08CF6F0F12003B805B
:20BC0000214040C5B04540D46DFF2CD4B70210487B4020F0A6F46DFF9C9774E2B04E09CF08
:20BC2000B008CEF4DA0089CFB0084CCDEE2091200027D9221418542F6CCDC842092404097A
:20BC40006DFF879789C23809DA006E11DA006E0FDA016E0D4CCE74AF91000048D944B84598
:20BC60006D002F0CDA006E033C013C00DA006E20DA006E1EDA016E1CC842092404096DFF75
:20BC80006897022FC842092404096DFF629709F0C808420274AF89A2040991000048D9446D
:20BCA00098556D000E0CDA006E033C013C00484FC81209200409A20F370F70F0EE01C81285
:20BCC000C8140940CA08A2F089208A08C812C8140940C808A2F089208808C812C844892473
:20BCE0008409C842DA00AC2808CF2E03DA043C02DA00C84210224922140A7D2E16009100EA
:20BD00000028D922B455F4A23BC061F0780191000028D922288589A2880991000048D94489
:20BD200038006D00CE0BC84EC8148264C8120925C80840C6B04640C56DFF98A989E2900824
:20BD400091100027D922E8D791100047D944E8D7094FD028C21F892F9028C81440C6B04624
:20BD600009C44B0809C54A08826640C540D76DFF0FAD3C0100902010404CBD0C15809100DF
:20BD800000F8D9FF9015F4AF3BA059F07801910000F8D9FF2885F80291000048D9443800B8
:20BDA0006D008F0BCCC108EF1E1382123C0382023C010090201002490B5610A8404C405DE6
:20BDC000027809AC500802ADBD0C1480910000F8D9FFB885F4AFDAE87801910000F8D9FFF3
:20BDE0002885F80291000048D94438006D00690BBD0D1480910000F8D9FFD005F4AFDAE993
:20BE00007801910000F8D9FF2885F80291000048D94438006D00550B7FBA20806F180D80B9
:20BE200009DFDA086F6F1A8076C709DF2C19EE0409DF30196E121B8A21F0C24FC2FFB70F65
:20BE400002F07FFB03803C071B8A21F0C24FC2FFB70F02B0370B70D03B0028600B9D10486B
:20BE60006DFF4BC5402F7CF3A0023C1F54FF6E1591000028D922F454F4A23BB010F078019F
:20BE800091000028D922288589A2880991000048D94438006D00150B09FFCA08A2AFB4CF1C
:20BEA000A84AA85A40F23C0100902010404CBD0C158091000028D9228C85F4A23B106CF073
:20BEC0007801910000F8D9FF2885F80291000048D94438006D00F50A09CF3019EE0382A211
:20BEE0003C4609CDB01940D46DFF47FFDF021400DA006E0FDA006E0DDA016E0B910000488D
:20BF0000D944A4856D00DD0ADA006E033C013C0082A23C2DD4D289C2B01949CE2C1A3C02E1
:20BF2000D4EE54EF6E0ED4EFC84F48146DFF1196022FCCD448146DFF0C96A22FBF0FF27FEC
:20BF4000D4EFF4DFF4ED54DFEE04DA0089CFA81809C04218DAFF7FF0078009CF4218C21F4E
:20BF600089CF0218DA006CCD82023C0100902010404CBD0C158091000028D9229C95F4A256
:20BF80003B906FF07801910000F8D9FF2885F80291000048D94438006D00930A09CF30199D
:20BFA0006E7009CFDA086F2F6D80DA006E1DDA006E1BDA016E1909CFB019C84F48146DFFB4
:20BFC000C89509CF431874AF09CF0419780189A2080991000048D944BC956D00720ADA00FA
:20BFE0006E033C013C0040C46DFF61FFDF024A8009CFC81809C0E0187F0F058009CFC81898
:20C000003C0309CFE01882204B0F010289C08A1809CFCA1809C0F208532020007F0F2280E7
:20C02000DA006E19DA006E17DA016E1509CFCA1874AF09CFF208532F20F0370F70F0780182
:20C0400091000048D944B0A56D003B0ADA006E033C013C0009CFF208532F20F089CF8A18C1
:20C0600009CFF208823009C1CA18030F0AF189CF881809CFDA089604ACCDDA0089CFB008D4
:20C0800000902010404CBD0C1580910000F8D9FFB075F4AF3BD06AF07801910000F8D9FF8E
:20C0A0002885F80291000048D94438006D00090A40C46D002C00F62440C46D000300009070
:20C0C0002010404CBD0C1580910000F8D9FF8C75F4AF3B8069F07801910000F8D9FF2885A6
:20C0E000F80291000048D94438006D00EA0909C04218DAFF7FF0078009CF4218C21F89CF5B
:20C10000021840C46DFFFCF900902010404CBD0C158091000028D9228865F4A23B3066F0FE
:20C120007801910000F8D9FF2885F80291000048D94438006D00C50909CF3019EE0382A2DF
:20C140003C6509CDB0193C1940D46DFF16FEDF021400DA006E0FDA006E0DDA016E0B910030
:20C160000048D944AC656D00AC09DA006E033C013C0082A23C4BD4DD54DFEEE740D46DFF7F
:20C18000FCFDDF021400DA006E0FDA006E0DDA016E0B91000048D944AC656D009209DA00C8
:20C1A0006E033C013C0082A23C3109C2AC19F4D209CF2C19EE0509DFCA0889CFA81809C201
:20C1C000B01989C2AC19A00F89CFB01909CFDA08B71F81F5ACCDCCD409F4CC086DFFCF94F7
:20C1E0008FF203F116036E0382183C028208CCD448146DFFAE9409DFC808428F42F289C22C
:20C200000C19DA006CCD82023C010090BC480C486E06094448086DFF85C13C0540646DFF29
:20C2200010AC3C0100902010404C0249025A405D406E026B027CBD0D1580910000F8D9FF1C
:20C24000A8E5F4AF3B407CF07801910000F8D9FF2885F80291000048D94438006D00310971
:20C26000BD0E1580910000F8D9FF84F5F4AF3B507CF07801910000F8D9FF2885F8029100D8
:20C280000048D94438006D001C09DA006E0382483C0282083B8000D602946DFF5A94B4ABB2
:20C2A00089AC8408DA142CA889AD8C0882060BA8104802276DFF43FB402FBD0F1380DA0023
:20C2C0006E0FDA006E0DDA016E0B91000048D944A0F56D00F608DA006E033C013C003C2022
:20C2E000820440C440F502856DFFD6FB40C440F540D640E76DFF77FBDA006E12DA006E10B5
:20C30000DA016E0E74A989AA040991000048D944F0056D00D608DA006E033C013C000090DF
:20C320002010404F82088209BD0F168091000028D922D015F4A23BA07EF07801910000281D
:20C34000D922288589A2880991000048D94438006D00B7086F080400DA043C02DA0009F4B1
:20C3600010196DFFF693820540F402F402266DFFB2FA402CBD0C188009FFDA089603ACFDB5
:20C38000DA006E0FDA006E0DDA016E0B91000048D944F0156D009508DA006E033C013C00D4
:20C3A00082E23C2D40F440C50B8910486DFF74FBDA006E11DA006E0FDA016E0D489F74AFA0
:20C3C00091000048D944DC256D007B08DA006E033C013C0040F7B04740F440C540F66DFFA9
:20C3E00002FB762609FFDA089603ACFD3C0709FFDA08BBC0FF0F260FACFD3C0100902010E7
:20C40000404CBD0C158091000028D9224465F4A23BB03EF07801910000F8D9FF2885F802A5
:20C4200091000048D94438006D004B0809CF2C196E1F09CFAC193C02D4FF54FFEEFEC8426D
:20C440000924CC086DFF9B938FF203F11607EE10C84DC84F09FFCC0882146DFF9093A62FAF
:20C46000ACD609CFDA089620ACCD82023C06821440C46DFF30F63C0100902010404C02488C
:20C48000A00DBD0C158091000028D9225405F4A23BB034F07801910000F8D9FF2885F8025E
:20C4A00091000048D94438006D000B0809CFAC197CF482F21D004A01DF081880910000F8DD
:20C4C000D9FF7805F4AF3B3035F07801910000F8D9FF2885F80291000048D94438006D00B8
:20C4E000F00782A21D00320109F0C8083F08058082021D002B0109C0F2087F801680910086
:20C500000028D9225C15F4A23BB035F0780191000028D922288589A2880991000048D94455
:20C5200038006D00CE0709F0C808FF10168091000028D9226C15F4A23BC035F0780191001E
:20C540000028D922288589A2880991000048D94438006D00B607DA006E12DA006E10DA016A
:20C560006E0E09CFE61874AF91000048D9447C156D00A707DA006E033C013C0008C96F0997
:20C580000400824B3C02820B09F0C808A280370070A03B8003401ABA370F70503B00286032
:20C5A0006DFFABC1402EBD0E1580DA006E10DA006E0EDA016E0C74AA91000048D944602539
:20C5C0006D007F07DA006E033C013C001D009600C8120920C80809FFC808A2F042803700BB
:20C5E0007050C81409E28409012B005602A46DFFC9C45FA21400DA006E10DA006E0EDA0168
:20C600006E0C74AA91000048D94468356D005907DA006E033C013C003C70C8420924CC08A7
:20C620006DFFAD928FF203F1820B2E35B70F81F18F8B40B12E05B70F01F08F1B40B1C84218
:20C64000092404096DFF85920B82005040C440E502B402966DFF7EF4402DBD0D1380DA0047
:20C660006E0FDA006E0DDA016E0B91000048D94460456D002607DA006E033C013C003C3D22
:20C6800009C8E618C8146DFF55C3A22889C8A618C814C8120920C808A2A0370070406DFF4E
:20C6A000CEC509F0C808A2A0A840C84EC8420928CC0802F46DFF6392A62889E88C08DA00CB
:20C6C000ACF509CFE618C8146DFF34C3422F89CFA61809CFE61809D484096DFF2BC3422F12
:20C6E00089CFA618D4F2F4D2F4FD54DFEE04DA0089CFA81882023C29911000F7D9FFE8D778
:20C7000091100027D922E8D7092FDC28C21F89FF9C28BD0D1500910000F8D9FF5855F4AF9E
:20C720003B803DF07801910000F8D9FF2885F80291000048D94438006D00C306BCE440E468
:20C740006DFF81C482F23C0100902040404D89A5940989A4280989A52C09A00FF809A00C12
:20C76000A00EA00FF806A00FF8078208820089A090088209DA00780DDA00780CBD0D198038
:20C78000910000F8D9FFE8F4F4AF3BE019F07801910000F8D9FF2885F80291000048D9441E
:20C7A00038006D008E063B00FF2F1D002F0409D0F20809D1E21882224B2101227F20050009
:20C7C00009DAF2083C0609DFE21882204B0F01A276A23C0309DAF208DA006E16DA006E14CB
:20C7E000DA016E12F4ADD805F801580A7802580B780391000048D94400056D006206DA0003
:20C800006E033C013C00D805BD0F1980910000F8D9FF1415F4AF3BD01AF07801910000F8A8
:20C82000D9FF2885F80291000048D94438006D0048063B00FF2F1D00E90340D409A428092C
:20C840006D00E503022F6E0402F21D00DF0309DFE6187808DA006E03824C3C02820C09D0C9
:20C860002C19DF003A0109DCAC193C02D4CC54CFEEFE0CCC2E03824D3C02820D09C0C80884
:20C8800042D07F0A1500910000F8D9FF0825F4AF3B601EF07801910000F8D9FF2885F8028D
:20C8A00091000048D94438006D000B0609CFC80842FD5ADA370F70D009D0E81809CFCA08A8
:20C8C000BE04910000F8D9FF2025F4AF3B301FF07801910000F8D9FF2885F8029100004879
:20C8E000D94438006D00ED0509DFE818ACA809DFE8186E3709AFD0087FFD1580910000F891
:20C90000D9FF1035F4AF3B801FF07801910000F8D9FF2885F80291000048D94438006D0071
:20C92000D00540CE09A0D008580A7FF0058009AFD0083C017FFD040002D93C0B09A0D0084D
:20C94000580A7FF0058009A9D0083C0309A92809429809AFD008A29FACA8A29D370D70D013
:20C9600009AFD0086E16580ABE84910000F8D9FF3035F4AF3B0020F07801910000F8D9FF71
:20C980002885F80291000048D94438006D009905580A7FF8A180BF1D9F8009CFC808BF1F3C
:20C9A0009B80580AA28F7FFD040002DF3C03580AA28F370F70E040CE580B6F0F3A00DA01FC
:20C9C00034AF820449A4100A02E502D640D509A72C096DFFF1F989A2A409BD021580DA00D2
:20C9E0006E10DA006E0EDA016E0C74AE91000048D94410456D006505DA006E033C013C0006
:20CA00001D00B60209AFD008780DD809C814D80501F8005602E46DFFC3B509A4A4096DFFB3
:20CA200089C15808422F370F70F078083C51CCC13C02D4FF54FFEEFE08CF16C0EE20C812B6
:20CA400009FFCA081022D8057DF21A80DF081500910000F8D9FF1055F4AF3B1023F07801A8
:20CA6000910000F8D9FF2885F80291000048D94438006D00260589AE30093C2A82048216F4
:20CA800002E56DFF3ABF89A2A409BD021480DA006E0FDA006E0DDA016E0B91000048D94429
:20CAA0003C556D000E05DA006E033C013C001D005F02D80501F80026D809E81209A4A409F2
:20CAC0006DFF38C15808422F370F70F0780842E8370870803C1709DFE8186E14910000F85B
:20CAE000D9FF3865F4AF3BA024F07801910000F8D9FF2885F80291000048D94438006D0013
:20CB0000E0041D004001A28F370F70D00BCA8000370070007F0D03803C02020D580B6F0FE3
:20CB20004B00A002D807012F00F434AF3B8003401ACD370F705049A4100A02A640D509A7C3
:20CB40002C096DFF39F9402EBD0E1580DA006E10DA006E0EDA016E0C74AD91000048D9441A
:20CB600010456D00AE04DA006E033C013C001D00FF0109EFCA087FDF158091000028D922EF
:20CB80002875F4A23B6026F07801910000F8D9FF2885F80291000048D94438006D00910400
:20CBA000CCE101FC0046D80501F8005602D46DFFF7B43C5D09AFD0086E14910000F8D9FF60
:20CBC0001895F4AF3B1027F07801910000F8D9FF2885F80291000048D94438006D00710412
:20CBE0003B800340821602D56DFF87BE89A2B809BD021480DA006E0FDA006E0DDA016E0BD8
:20CC000091000048D9443C556D005B04DA006E033C013C001D00AC01D80501F80026D80E51
:20CC2000E8123B8003403B00286002C56DFF65BE402EBD0E188009A4B8096DFF04C2DA0098
:20CC40006E0FDA006E0DDA016E0B91000048D94428956D003604DA006E033C013C001D0073
:20CC6000870140E409A5B8096DFFEEBF40E46DFF61C05808422F370F70F07808DA016E048B
:20CC80003B8000003C03BBC0FF0F58087FF01B80DA006E13DA006E11DA016E0F580874AF18
:20CCA000DA08780191000048D94420A56D000904DA006E033C013C0040E46DFFC4C11D00EE
:20CCC0005701820409DF1C19428F40D440E502F582066DFF3FF1402E7CE31D00490109AF48
:20CCE000D008ACE5D8077CF489AE9C093C19D806BD0F1580910000F8D9FF04B5F4AF3BB064
:20CD00002AF07801910000F8D9FF2885F80291000048D94438006D00D403D806F4FE89AEFF
:20CD20009809DA006E2CDA006E2ADA016E28CCE409F4CC086DFF238F022F163F16036E034C
:20CD4000DA013C02DA00CCE448146DFF028F022ECCE448146DFFFD8E022009E1C80842F195
:20CD6000421074AE89A0040991000048D94418B56D00A703DA006E033C013C0042D8370812
:20CD80007080580A3FF8C1FEBCC8580D6E0609C0CA0842F089C08A08BF193980CCC13C15D7
:20CDA00009FFC808429FACF454FFEE0EC81209FFCA08102409A5940902946DFFF1B309FFEA
:20CDC000CA08429FACF5D4FFBD0FECFF09CFC808429FACC409CFCA087F9F1580910000F896
:20CDE000D9FF34B5F4AF3B302DF07801910000F8D9FF2885F80291000048D94438006D002B
:20CE0000600309CFCA08A29FACC509AFD00889DFA818D809BD0F2500BD0C1580910000F8E2
:20CE2000D9FF20C5F4AF3B002EF07801910000F8D9FF2885F80291000048D94438006D001D
:20CE4000400309C4840909A5A4096DFFFDBE09CFC808D80909F0C808420FACC43C31580CCF
:20CE60006E2FBCC34CC1EE14910000F8D9FF18D5F4AF3B602EF07801910000F8D9FF288556
:20CE8000F80291000048D94438006D001A03CCC13C0709F0C808580C42F0A840D4FF54FFA3
:20CEA000EEF909F0C808580C42F0A84009F0CA0842F0A85009C0C80842F089C088087CC56A
:20CEC000D80789DFAC193C03D807F4CF09D01C19580A42F089D01C1909D0E418A2F089D075
:20CEE000A418580889DFA618DA006E12DA006E10DA016E0E09DFE61874AF91000048D944E8
:20CF000010E56D00DE02DA006E033C013C0009DFE6186E1A09DF3019EE1709DF2C19EE1438
:20CF2000910000F8D9FF30E5F4AF3B2031F07801910000F8D9FF2885F80291000048D944E5
:20CF400038006D00BE02BD0E11004CE46E0E580BAE1CCCE409E29009092FCC083B8000407C
:20CF60006DFF0D8EA62FACF682023C4F09DFDA089680ACDD911000F7D9FFE8D791100027C4
:20CF8000D922E8D7092FDC28C21F89FF9C28D809BCF509A4A4096DFF56C0D807BCF509A4C3
:20CFA0009C096DFF57D109DFE6186E1A09DF3019EE1709DF2C19EE14910000F8D9FF30E5EF
:20CFC000F4AF3B7032F07801910000F8D9FF2885F80291000048D94438006D007202DA0077
:20CFE0006E12DA016E10DA016E0E09DFE61874AF91000048D94434F56D006302DA006E03BC
:20D000003C013C0082F23C0100902010404F0248BD0F168091000028D922FCA4F4A23B3096
:20D0200013F0780191000028D922288589A2880991000048D94438006D00430209F0540822
:20D04000DF40200009F05408DF701C0009FF54089E2809FF54089E35DA006E0FDA016E0DC3
:20D06000DA016E0B91000048D944DCB46D002902DA006E033C013C003B50FF2F1D00A10003
:20D08000F68482021D009D0009F0E4187F801C80DA006E13DA006E11DA016E0F74A809FF18
:20D0A000E418780191000048D944C4C46D000902DA006E033C013C0009FFDA089680ACFD98
:20D0C00082F23C7EDA006E12DA006E10DA016E0E09FFE61874AF91000048D944F4C46D00D5
:20D0E000F001DA006E033C013C00DA016E03DA083C03BBD0FFFF09F0E6183FF02A80DA00DB
:20D100006E14DA006E12DA016E1009FFE61874AFDA08780191000048D944D0D46D00D1017D
:20D12000DA006E033C013C0091100027D922E8D791100047D944E8D7094FDC28C21F892FF0
:20D140009C2809FFDA089680ACFD82F23C3909FFE6186E1B09FF3019EE1709FF2C19EE1445
:20D16000910000F8D9FFF8D4F4AF3B5015F07801910000F8D9FF2885F80291000048D944D8
:20D1800038006D009E013C1A09FF3019EE0409FF2C196E14910000F8D9FFF4E4F4AF3B804C
:20D1A00015F07801910000F8D9FF2885F80291000048D94438006D00840182023C01009078
:20D1C0002010404CDA006E0382483C028208BD0C158091000028D922F464F4A23BF084F017
:20D1E0007801910000F8D9FF2885F80291000048D94438006D006501DA006E0FDA006E0D01
:20D20000DA016E0B91000048D944D8746D005901DA006E033C013C00DA006E1EDA006E1C23
:20D22000DA016E1A4CC116FF74AF4CC1370F68F478014CC1370F68F878024CC1370F68FC3A
:20D24000780391000048D944B8216D003A01DA006E033C013C00DA006E0FDA006E0DDA0191
:20D260006E0B91000048D9448C316D002A01DA006E033C013C00DA006E1ADA006E18DA0189
:20D280006E1691200027D9221418542F74AF4CC8780109CF5B28780291000048D944D084B9
:20D2A0006D000F01DA006E033C013C0009CDAC197CD482021D008A0009C05A28DAFF7FF084
:20D2C000078009CF5A28C21F89CF1A28820909D290090924CC086DFF528C8FF203F12E0500
:20D2E00009DFC808EE028219769382053C028215CCD4481640C402846DFFEDF2402EBD0E7A
:20D300001480DA006E0FDA006E0DDA016E0B91000048D944DC946D00D400DA006E033C014A
:20D320003C0082F23C52CCE1769D09FFCC08BBF00F0C260F3B1001406DFF218CA62FACF6FC
:20D340003C11CCE149F5140A09D484098214CCD109FFC80809D0C808A20F370F70506DFF36
:20D3600011BECCD448146DFFF48BC21209CF1019A22FCEF389C21019820440C440E50285E6
:20D380006DFF8AF340C7B04740C440E540C66DFF2AF30228DA006E17DA006E15DA016E13AC
:20D3A00009CF1019C2FF74AF4CC9780189A8080991000048D944C8A46D008300DA006E031B
:20D3C0003C013C0002823C01009091000047D9446C246DFF36B30090910000F7D9FF602435
:20D3E00054F23C0100900D000002910000F7D9FF3030910000C7D9CC303054CFC21F74FF77
:20D400000D00400200800D000002910000F7D9FF3430910000C7D9CC343054CFC21F74FF92
:20D420000D0040020080912000FF59F6048D8F5401F08F050100A60F96049601912000FF8E
:20D4400059FF008D3C01912000FF39FF008D6F0FFCFF00908F5401F08F050100A60F960C6C
:20D460009601912000FF59FF008D3C01912000FF39FF008D6F0FFCFF912000FF19FF048DFC
:20D48000744F009020108F0441F16E19DA016E17DA016E15DA016E130C4474AF0C45780166
:20D4A0000C4678020C47780391000048D9449C406D000700DA006E033C013C00009049AA45
:20D4C00038BA40453B50FF8F49A6084A49A4040A3B0010406D00180CDA003C04C21F370F23
:20D4E00050F010AF09F00408DF00FAFF49AF040AF4AF91000048D944B8506DFFF0B1028218
:20D500003C01009020083C01912000FF39FF008D6F0FFCFF82048205BB0000686DFF85FFCB
:20D520008204820549A4000A6DFF96FF54AF6FFFF9FF820482053B0020616DFF76FF910042
:20D5400000F7D9FF3830DA0174FF82123C01009020088208910000F7D9FF383054FF6E1D8D
:20D5600082043B00015049A4000A6DFF75FF54AFAE14DA0137F8828854AF2E24DA0137F88A
:20D5800001888204821549A4000A6DFF65FF54AF2E24DA0137F8818902823C0100909100D3
:20D5A00000F7D9FF6C2409F1C01809FFF808C21F89FFB80809FFF8083B803E003F0F078033
:20D5C000DA0089FFB8088F21401109FFFA08C21F89FFBA0809F0FA08DAFA3FF00780DA0094
:20D5E00089FFBA088F41401109FFFC08C21F89FFBC0809FFFC083B401F003F0F0780DA0032
:20D6000089FFBC088F81401109FFFE08C21F89FFBE0809F0FE08DA643FF00780DA0089FFCB
:20D62000BE088F01411189F18018009020180B451088DA007805BB008CFA9BAF40F17803F2
:20D64000BBF0FFFF9BFF0FF07804DA016E0FDA006E0DDA016E0B91000048D9448C506DFFCD
:20D6600030FFDA006E033C013C006DFF359D910000F7D9FF6C2489F9B40868C8DA0074AF1E
:20D68000911000F8D9FF8E63F801911000F8D9FFFC9FF80291000047D9446C2449A50C0AA0
:20D6A00049A6100A49A7140A6DFF55B491000047D9446C246DFFFAB791000047D9446C24B7
:20D6C0006DFF6FB891000047D944642491200058D955442D6DFFF6B5DA016E0FDA006E0DCE
:20D6E000DA016E0B91000048D944A4506DFFE9FEDA006E033C013C000090910000F7D9FFE5
:20D700006C244DC0E2FF370FE1F78B0F20F23C010D00400300003C0109F8C018820089F023
:20D7200080186E030D0000036F280B00910000F7D9FF6C2409FF69082E236DFFE0C66F38BB
:20D740000B00910000F7D9FF6C2409FF69082E236DFFC0CD6F180B00910000F7D9FF6C2489
:20D7600009FF69082E236DFFF6916F483D006DFFF1FE370268F8AE3891000047D9446C2499
:20D780006DFFBAB73C30910000F7D9FF6C24C872370261F85E18D42F8210081F370F81F299
:20D7A0002CF13C07D42F8200081F370F81F22CF13702E2F8EE06D42482046DFF145F3C0DDA
:20D7C0003702E2F85E16D42482146DFF0C5F3C05D42482246DFF075F91000047D9446C2427
:20D7E0006DFFB1B70090404FC8122D0200006DFFF5FD91200027D9223028542454FF42F4A3
:20D800005A24BBF0FF0F9BF0FF077FF00480DA013C02DA006E0B54F4422491200048D9441D
:20D8200066FD40F56D0031003C0891200048D94466FD40F56D002900009020100248404C94
:20D84000405DBBF0FFFF9BFFFFF37F8F1580910000F8D9FFEC75F4AF3B9012F07801910017
:20D8600000F8D9FFFC65F80291000048D94438006DFF27FE6DFFB2FD0B28004040C440D517
:20D880006D000300009020100248404F405C82646DFF9DAFBD021780BD021480910000F813
:20D8A000D9FFFC55F4AFDABE7801910000F8D9FFFC65F80291000048D94438006DFF01FE36
:20D8C0003C4EA004F424EC22892C8C0989280409912000F7D9FF342854FFEE07912000F720
:20D8E000D9FF3428F4F23C3B912000F7D9FF3428D4FF481F0BF88000BBF0FF1F9BF1FF1793
:20D900007F010480DA013C02DA006E0D912000F7D9FF3428D4FFF42F912000F7D9FF3428E7
:20D92000F4F23C1D912000F7D9FF3428D4F43C15544F6E0ED44F481F5AF8BBF0FF0F9BF074
:20D94000FF077FF00480DA013C02DA006E05D44FF42FF4423C04D444BD04ECFF00908218BE
:20D960003C19538820F0910000F8D9FFE48510FF54F491200048D94466FD538820F0910051
:20D9800000F8D9FFE48510FF80FF60F56DFF57FFC218BF38E8FF0090912000F7D9FF382881
:20D9A00054FFEE1C912000F7D9FF041854FFEE07912000F7D9FF201854FF6E10912000F7F5
:20D9C000D9FF3828DA0174FF3BA00F4091200048D9449C7DA0056DFF32FF00906DFF7CD0DE
:20D9E000912000F7D9FF041854FFEE07912000F7D9FF201854FF6E0B3BA00F40912000489C
:20DA0000D9449C7DA0056DFF1AFF3C07912000F7D9FF3828DA0074FF00902010404C405D4D
:20DA200002487CD5910000D8D9DD3020BD0C1980910000F8D9FF30A6F4AF3B703BF0780151
:20DA4000910000F8D9FF0C06F80291000048D94438006DFF36FD3B00FF2F1D00F500DA0037
:20DA60006E0FDA006E0DDA016E0B91000048D94408B66DFF26FDDA006E033C013C00DA009F
:20DA80006E27DA006E25DA016E23BCD314D03C028200BCD30CD13C02DA00BCD409D14208AD
:20DAA0003C028201BCD409D243083C02820274A0780189A1080989A20C0991000048D9442F
:20DAC000B8216DFFFEFCDA006E033C013C00DA006E10DA006E0EDA016E0C74A8910000484B
:20DAE000D9441CB66DFFEDFCDA006E033C013C00820991200027D9223C28D42F3C067DFC9E
:20DB0000048082193C04C83FBD0FFBFFDF081B806D001C050228DF081580DA006E0FDA00F2
:20DB20006E0DDA016E0B91000048D9442CB66DFFC8FCDA006E033C013C0082821D008400A5
:20DB40003C2B912000F7D9FF3C28D4FF3C237DFC210009FFD208FE8D54F054DF3E07BCD6F3
:20DB600054DF6E04BCF354FFEE14DA006E10DA006E0EDA016E0C74A891000048D94410C611
:20DB80006DFF9FFCDA006E033C013C0082823C5BC83FBD0FDEFF7CD3DA003C0254DF74CF92
:20DBA00089C89208F69C912000F7D9FF3C28D4FFECC3912000F7D9FF3C28F4FCDA006E0F57
:20DBC000DA016E0DDA016E0B91000048D94420D66DFF77FCDA006E033C013C00DA006E1EA6
:20DBE000DA016E1CDA016E1A54CF16FF74AF54CF370F68F4780154CF370F68F8780254CF5E
:20DC0000370F68FC780391000048D944B8216DFF58FCDA006E033C013C00DA006E12DA0157
:20DC20006E10DA016E0E09CFD20874AF91000048D94434D66DFF45FCDA006E033C013C00C9
:20DC400082023C0100902010404F405C0248BD0F1980910000F8D9FF00E6F4AF3B5043F0C1
:20DC60007801910000F8D9FF0C06F80291000048D94438006DFF25FC3B00FF2F1D008C00F1
:20DC8000BD0C1880910000F8D9FF1CE6F4AF3B6043F07801910000F8D9FF0C06F8029100D8
:20DCA0000048D94438006DFF0CFC3B00FF2F3C7309FFD208EE08820440F440F56DFFAFFE5B
:20DCC00076223C697CC3DA003C0254CF6CF1A8A809FF5008960489FF1008DA006E0FDA0114
:20DCE0006E0DDA016E0B91000048D94438E66DFFE8FBDA006E033C013C00DA006E1EDA01ED
:20DD00006E1CDA016E1A481F16FF74AF481F370F68F47801481F370F68F87802481F370FC1
:20DD200068FC780391000048D944B8216DFFC9FBDA006E033C013C00DA006E12DA016E108E
:20DD4000DA016E0E09FFD40874AF91000048D94434D66DFFB6FBDA006E033C013C009120D3
:20DD60000027D9223C28D4223C077D2F048082023C1209228C09BD02FAFF91200027D92297
:20DD80003C28D422E83291200027D9223C28F42F82023C0100902010BD041680910000F854
:20DDA000D9FF14F6F4AF3BA046F07801910000F8D9FF0C06F80291000048D94438006DFF4D
:20DDC00080FB3C0CDA006C41DA00AC4ADA002C48094F500816FB894F10080090201889A435
:20DDE0009009405C09A29009BD02148091000028D92208D6F4A2DACF7801910000F8D9FFAC
:20DE00000C06F80291000048D94438006DFF59FBBD0C1480910000F8D9FF6006F4AFDAD097
:20DE20007801910000F8D9FF0C06F80291000048D94438006DFF45FB911000F7D9FFE8D7F3
:20DE400091100027D922E8D7092FFA18C21F89FFBA18D80409FFCA08FF8F3580DA006E1268
:20DE6000DA006E10DA016E0E09FFC80874AF91000048D9447C066DFF24FBDA006E033C016D
:20DE80003C00911000F7D9FFE8D791100027D922E8D7092FC228C21F89FF8228911000F7C8
:20DEA000D9FFE8D791100027D922E8D7092FFE18C21F89FFBE1809A490096DFFC4B81D0071
:20DEC0007B02C81FF805911000F7D9FF88DE09F41209911000F7D9FF88DED4F46DFF349E17
:20DEE0000228DA006E13DA006E11DA016E0FD80409F0C80874A091000048D94470166DFF4B
:20DF0000E0FADA006E033C013C00D80509F4C0086DFF3586022909F4C2086DFF3086022A5A
:20DF2000DA006E0FDA006E0DDA016E0B91000048D9445C266DFFC5FADA006E033C013C007A
:20DF4000DA006E32DA006E30DA016E2E911000F7D9FF88DE09FF120916FF74AF911000F78F
:20DF6000D9FF88DE09FF1209370F68F47801911000F7D9FF88DE09FF1209370F68F878020C
:20DF8000911000F7D9FF88DE09FF1209370F68FC780391000048D944B8216DFF92FADA00C2
:20DFA0006E033C013C00DA006E15DA006E13DA016E11D80509F4C2086DFFE18574A2910048
:20DFC0000048D944FC856DFF7CFADA006E033C013C00DA006E32DA006E30DA016E2E9110AB
:20DFE00000F7D9FF88DE09FF0E0916FF74AF911000F7D9FF88DE09FF0E09370F68F4780185
:20E00000911000F7D9FF88DE09FF0E09370F68F87802911000F7D9FF88DE09FF0E09370FB0
:20E0200068FC780391000048D944B8216DFF49FADA006E033C013C00DA006E15DA006E1307
:20E04000DA016E11D80509F4C0086DFF988574A291000048D944C8956DFF33FADA006E03EE
:20E060003C013C00A00DA00E91200027D9223C28D42F1D00CC00DA006E0FDA006E0DDA0122
:20E080006E0B91000048D944D0956DFF1AFADA006E033C013C00DA006E1EDA006E1CDA01C3
:20E0A0006E1A54FF16FF74AF54FF370F68F4780154FF370F68F8780254FF370F68FC7803F4
:20E0C00091000048D944B8216DFFFBF9DA006E033C013C00DA006E12DA006E10DA016E0E44
:20E0E00009FFD20874AF91000048D944FC856DFFE8F9DA006E033C013C00DA006E1EDA0053
:20E100006E1CDA016E1A481F16FF74AF481F370F68F47801481F370F68F87802481F370FBD
:20E1200068FC780391000048D944B8216DFFC9F9DA006E033C013C00DA006E12DA006E108D
:20E14000DA016E0E09FFD40874AF91000048D944C8956DFFB6F9DA006E033C013C0009FF27
:20E16000D2085FAF528040F440C502846D005401DF024B0009FF50086F2F19807CE340FE04
:20E180003C15DF08140091100027D92288DE092F12095EFCDA016E0454E04CC13E07DA01AF
:20E1A0006E0554F04CC17E0240FE09FFD4085F9F2C80481F6E0A481F91100027D92288DEE0
:20E1C00009200E095F0F2180BD0D1100C83289D28C0991200027D9223C28D422E832912033
:20E1E0000027D9223C28F42F3C0E91100027D922E8D791100047D944E8D7094FCE28C21FB7
:20E20000892F8E283C0540FDC83FBD0F36FF7CF240EFBCF3DA013C094CC191100027D922CE
:20E2200088DE092012093A0FDF0FC200DA006E0FDA006E0DDA016E0B91000048D944D895D8
:20E240006DFF3FF9DA006E033C013C0009A29409092FC6086E183B10014009A49009094562
:20E26000C80891100027D92288DE49250E0A91100027D92288DE4926120A6DFFF7967623D9
:20E280001D009B003B80004009A490096DFF70B8DF022700910000F8D9FFFC95F4AF3B0019
:20E2A00017F07801910000F8D9FF0C06F80291000048D94438006DFF04F9911000F7D9FF6A
:20E2C000E8D791100027D922E8D7092FFE18C21F89FFBE1809A490096DFFB5B63C6CBD0FDF
:20E2E0001900486F6E10C862C87491100057D95588DE49570E0A40F509A6900902942D02E4
:20E3000000003C0609A490096DFF9DB63C543C4EDA006E0FDA006E0DDA016E0B91000048C3
:20E32000D944D8A56DFFCDF8DA006E033C013C00DF081F80911000F7D9FF88DE09FF1209CF
:20E3400016F03B000E00BE04911000F7D9FF88DE09FFCC088B8F00F0370F504009A49009D4
:20E360006DFF47B7823409A490096DFF4792911000F7D9FFE8D791100027D922E8D7092F09
:20E38000C828C21F89FF8828911000F7D9FFE8D791100027D922E8D7092FFE18C21F89FF0C
:20E3A000BE1809A490096DFF4EB63C0509A490096DFF49B63C2FDA006E0FDA006E0DDA01ED
:20E3C0006E0B91000048D944F0A56DFF7AF8DA006E033C013C00911000F7D9FFE8D79110C7
:20E3E0000027D922E8D7092FC028C21F89FF8028911000F7D9FFE8D791100027D922E8D75A
:20E40000092FFE18C21F89FFBE1809A490096DFF1AB600902010404C405D0248BD0C14805D
:20E4200091000028D922FCB5F4A2DA877801910000F8D9FF0C06F80291000048D94438006C
:20E440006DFF3FF8BD0D1480910000F8D9FF0476F4AFDA887801910000F8D9FF0C06F802F5
:20E4600091000048D94438006DFF2BF80CC86E0F0CC8911000F7D9FF88DEC81F09F06C0890
:20E48000C210370068003E0382023C33DA006E0382123C2FDA016E2BDF081D00BD0C180034
:20E4A00054CF6E15911000F7D9FF88DE09FF12091EFE54C04CD226F0911000F7D9FF88DE83
:20E4C00009F112094CD226F15F10048082123C113C0EBCCB54CF6E0954CF911000F7D9FF20
:20E4E00088DE09F012097E0382123C0382023C010090BD041600544F6E13BD051200545F7B
:20E500006E0F912000F7D9FF3C28D4FF3C0754FF54407E03545F74FFC83FBD0FFAFF00909A
:20E5200082046DFF54A9402FBCF982043B00025040F46DFF70A9DAFF2CFB40F23C010090FD
:20E540006DFFF0FF3C0100908200910000F7D9FF145009F1C008910000F7D9FF1450910036
:20E560000027D9221450092FC008C21FB4FFBBF0FFFF7E18910000F7D9FF1450BB0000FCC7
:20E58000B4FF912000F7D9FF3C28D4FF3C1309FFD20891000027D92214500921C0087E1940
:20E5A000C2103BF0FFF37F0F040082023C0C3CCEC83FBD0FEEFF910000F7D9FF145009F285
:20E5C000C0083C0100902010BD041680910000F8D9FF30F6F4AF3BA048F07801910000F8E0
:20E5E000D9FF0C06F80291000048D94438006DFF68F73C058945980989469C09009020105A
:20E60000BD041680910000F8D9FF4806F4AF3B104AF07801910000F8D9FF0C06F802910055
:20E620000048D94438006DFF4CF73C25912000F7D9FF3C28D4FF7D4F0A80912000F7D9FFA0
:20E640003C2809428C09F4F23C13912000F7D9FF3C28D4FF3C0B483F6E08C8327D42068007
:20E6600009428C09E8323C04C83FBD0FF6FF82046DFF44A800902010404C405D406F0248D8
:20E68000BD0C1980910000F8D9FFE0C5F4AF3B8021F07801910000F8D9FF0C06F80291002C
:20E6A0000048D94438006DFF0CF73B00FF2F1D00AF00BD0D1980910000F8D9FFF8C5F4AFF5
:20E6C0003B9021F07801910000F8D9FF0C06F80291000048D94438006DFFF3F63B00FF2F8C
:20E6E0001D009600BD0F1880910000F8D9FFD4D5F4AF3BA021F07801910000F8D9FF0C067E
:20E70000F80291000048D94438006DFFDAF63B00FF2F3C7D3C0382A23C7ADA006E0FDA0029
:20E720006E0DDA016E0B91000048D944F0D56DFFC8F6DA006E033C013C000CC86E0609C44C
:20E7400048086DFFEFAE3C0440F46DFF7A99BD025780DA006E0FDA006E0DDA016E0B910046
:20E760000048D944FCD56DFFACF6DA006E033C013C00DA006E25DA006E23DA016E21BCF3A0
:20E7800014F03C028200BCF3081F3C02DA00BCF308213C028201BCF308323C02820274A06F
:20E7A000780189A1080989A20C0991000048D944B8216DFF86F6DA006E033C013C00DA0010
:20E7C0006E0FDA006E0DDA016E0B91000048D9448C316DFF76F6DA006E033C013C00911023
:20E7E00000F7D9FFE8D791100027D922E8D7092FC628C21F89FF862882C23C0940C440D52A
:20E8000040F6028440276D0004003C0100902010BD041880910000F8D9FFD4E5F4AF3B0016
:20E8200028F07801910000F8D9FF0C06F80291000048D94438006DFF44F63B00FF2F3C6100
:20E84000BD051880910000F8D9FFF0E5F4AF3B1028F07801910000F8D9FF0C06F8029100AB
:20E860000048D94438006DFF2CF63B00FF2F3C49BD061880910000F8D9FFCCF5F4AF3B2004
:20E8800028F07801910000F8D9FF0C06F80291000048D94438006DFF14F63B00FF2F3C3100
:20E8A000BD071880910000F8D9FFECF5F4AF3B3028F07801910000F8D9FF0C06F80291001D
:20E8C0000048D94438006DFFFCF53B00FF2F3C193C0382A23C16BC48544F6E06544F16F007
:20E8E0003B000E007E04407FB04F3C0754404C713E0382C23C06404FF4AF6D0004003C0154
:20E9000000902018404C405D89A68C09024989A79009BD0C1980910000F8D9FF3806F4AF8A
:20E920003B102DF07801910000F8D9FF0C06F80291000048D94438006DFFC3F53B00FF2FCE
:20E940001D00AA01BD0D1980910000F8D9FF1816F4AF3B202DF07801910000F8D9FF0C06F6
:20E96000F80291000048D94438006DFFAAF53B00FF2F1D00910109A28C09BD021980910023
:20E9800000F8D9FF3816F4AF3B302DF07801910000F8D9FF0C06F80291000048D94438001A
:20E9A0006DFF8FF53B00FF2F1D00760109A29809BD021980910000F8D9FF1C26F4AF3B4005
:20E9C0002DF07801910000F8D9FF0C06F80291000048D94438006DFF74F53B00FF2F1D00AB
:20E9E0005B01D804BD0F1980910000F8D9FF0036F4AF3B502DF07801910000F8D9FF0C06AC
:20EA0000F80291000048D94438006DFF5AF53B00FF2F1D004101DA016E023C0482A21D007F
:20EA20003B0109CFD208EE2DDA006E0FDA006E0DDA016E0B91000048D94424366DFF41F5DB
:20EA4000DA006E033C013C0009C4D20840C440C56DFFE5F70228DF081500DA006E0FDA00A3
:20EA60006E0DDA016E0B91000048D94414466DFF28F5DA006E033C013C0002821D000C017C
:20EA800009DFC8088B8F00F0370F70F009D0C8087F0F058082F21D00FF003B80004040D4B3
:20EAA0006DFFAEAEDF023B003B4002403B8000503B0028606DFF21AF402EBD0E1580DA0003
:20EAC0006E0FDA006E0DDA016E0B91000048D94438466DFFF6F4DA006E033C013C0082F20E
:20EAE0001D00DA0009DFC8086E0540E440D56DFF04B1DA006E12DA006E10DA016E0EF4AEEF
:20EB000089AD840991000048D94420566DFFD9F4DA006E033C013C003C1340DEDA006E1004
:20EB2000DA006E0EDA016E0CF4AD91000048D94418666DFFC6F4DA006E033C013C0009EF33
:20EB4000CA08FF8F158091000028D9222C76F4A23BD030F07801910000F8D9FF0C06F802C3
:20EB600091000048D94438006DFFABF4CCE109C4D2086DFF0480B4F202946DFF0080A81236
:20EB8000DA00ACF3DA006E12DA006E10DA016E0E09EFC80874AF91000048D9441C866DFF04
:20EBA00090F4DA006E033C013C00DA006E12DA006E10DA016E0E09EFC80874AF9100004840
:20EBC000D94408966DFF7DF4DA006E033C013C0009E4C8086DFFD37FA82209CF50086F0FE6
:20EBE00011803B10014009E5C80840E409A5980909A68C096DFF3A92F623BBF0FF2FA8327F
:20EC00003B10018009C94B08DA006E12DA006E10DA016E0E09F0C60874A091000048D94429
:20EC200028966DFF4EF4DA006E033C013C00DA006E10DA006E0EDA016E0C74A891000048AC
:20EC4000D94408A66DFF3DF4DA006E033C013C0009C54A0840E409A5980909A68C0902941B
:20EC6000028609A790096DFF9D9502287DDE050040E46DFFE8B1911000F7D9FFE8D79110A2
:20EC80000027D922E8D7092FF818C21F89FFB81802823C010090912000F7D9FF00383BE0EE
:20ECA00002406DFF4FFCF4F2912000F7D9FF003854FF6E1D912000F7D9FF0038D4F49100CE
:20ECC0000058D95530203B80BB406DFFA8F6F62E912000F7D9FF0038D4F491200058D955C3
:20ECE000EE3EA0066DFF71FC3C013C010090406FBCF9405440F540766DFFBFFC40F46DFFB5
:20ED0000A2B100902010404C024FA00FF4AF89AC8409BCC410CFB0FF3C02A00FF80240A416
:20ED20006DFFD175BCC56E04D801DA0034FF00902010A00FF4AF89A4840982FF780240A49D
:20ED40006DFFC175D801DA0034FF0090708603F0748603F0788603F07C8603F0808603F0E6
:20ED6000848603F0888603F08C8603F0908603F0948603F0988603F09C8603F0A08603F03B
:20ED8000A48603F0A88603F0AC8603F0F08603F0F48603F0F88603F0FC8603F0008703F0DA
:20EDA000048703F0088703F00C8703F0108703F0148703F0188703F01C8703F0208703F0F3
:20EDC000248703F0288703F02C8703F0308703F0000000000000000000000000348703F0F5
:20EDE000000000000000000000000000388703F00000000000000000000000003C8703F0AB
:20EE0000000000000000000000000000508703F0548703F0588703F05C8703F0608703F0D8
:20EE2000648703F0688703F06C8703F0007E0370F80A0080AC0B0080C40B0080D40B0080D4
:20EE4000E00B0080F40B00800C0C00801C0C0080340C0080FC0A0080100B0080240B0080F8
:20EE6000340B00804C0B0080600B0080740B0080880B0080000000000000000000000000FF
:1DEE800000000000000000000000000000000000000000006E19000000C000C0006E
:20EEA000010000000000007074EE01800800000001000000080000704CED0180E0000000E3
:20EEC00001000000E80000709CEE01800100000001000000EC0000702CEE018004000000D1
:20EEE00001000000F00000707CEE01800C00000001000000FC00007030EE0180440000006A
:20EF0000010000004001007088EE01801200000001000000540100709AEE01800200000065
:20EF2000020000000040007000000000ADAA000002000000B0EA0070000000002600000096
:20EF400002000000D8EA0070000000008A0000000200000064EB0070000000000200000030
:20EF60000200000068EB0070000000002764000002000000904F0170000000006B01000083
:20EF800002000000FC5001700000000003260000020000000077017000000000030100009B
:20EFA000020000000478017000000000A300000002000000A87801700000000033000000F9
:20EFC00002000000DC78017000000000E300000002000000C0790170000000000F030000C9
:20EFE00002000000D07C0170000000004301000002000000147E0170000000008300000086
:20F0000002000000987E017000000000C1000000020000005C7F0170000000000100000057
:20F0200002000000607F017000000000E9000000020000004C800170000000000D00000049
:20F04000020000005C80017000000000010000000200000060800170000000000D00000000
:20F06000020000007080017000000000160000000200000088800170000000000500000097
:20F080000200000090800170000000000A000000020000009C80017000000000060000004E
:20F0A00002000000A4800170000000000600000002000000AC800170000000000200000012
:20F0C00002000000B080017000000000140000000000000000000000000000000000000079
:20F0E00002000000803F00700000000080000000000000000000000000000000000000005F
:02000004802F4B
:0AE02000911000E8D9EE527EDC0EEC
:0AE04000911000E8D9EE60AEDC0E8E
:0AE06000911000E8D9EEB0BEDC0E0E
:0AE08000911000E8D9EEAECEDC0EE0
:0AE0A000910000E8D9EEBA56DC0E3C
:0AE0C000911000E8D9EE4A40DC0E92
:0AE22000911000E8D9EEBCEEDC0E10
:0AE24000911000E8D9EE2C5EDC0E10
:0AEC6000911000E8D9EE4030DC0E00
:0AEC8000912000E8D9EE26FDDC0E1D
:0AECA000912000E8D9EE460DDC0ECD
:040000058000000077
:00000001FF
